野崎,雅宣,新潟県,上越市,O,競馬,カラオケ,天体観測,サバゲー,グルメ
諏訪,秀加,新潟県,上越市,O,観葉植物,音楽ライブ,瞑想,パチンコ,アクアリウム
川西,貴嶺,新潟県,上越市,O,グルメ,音楽ライブ,映画鑑賞,オセロ,ヨガ
大田,善成,新潟県,上越市,O,バイク,グルメ,パワースポット巡り,天体観測,パワースポット巡り
波多野,辰也,新潟県,上越市,O,パチンコ,キャンプ,ペット,音楽ライブ,野菜ソムリエ
白鳥,春花,新潟県,上越市,O,カフェ巡り,カービング,バー巡り,競馬,洞窟探索
皆川,功,新潟県,上越市,O,スポーツ観戦,バイク,ネットサーフィン,カラオケ,天体観測
柳原,雛,新潟県,上越市,O,ルービックキューブ,バレーボール,ネットサーフィン,パワースポット巡り,彫刻
長友,勇蔵,新潟県,上越市,O,占い,野菜ソムリエ,切り絵,キャンプ,マジック
水野,安奈,新潟県,上越市,O,楽器演奏,パワースポット巡り,俳句・川柳,ワイン,ファッション
堀田,泰子,新潟県,上越市,O,ランニング（ジョギング）,ビリヤード,野菜ソムリエ,コスプレ,DIY
清水,宏次,新潟県,上越市,O,ワイン,パワースポット巡り,ゴルフ,折り紙,パワースポット巡り
北尾,勉,新潟県,上越市,O,海,音楽ライブ,オセロ,食べ歩き,デッサン
岩間,佳奈子,新潟県,上越市,O,ビリヤード,ファッション,カフェ巡り,アイドル,DIY
藤野,楓,新潟県,上越市,O,彫刻,寺巡り,スカッシュ,ブログ,パワースポット巡り
村山,麻巳子,新潟県,上越市,O,ラーメン,キャンプ,音楽ライブ,折り紙,テレビゲーム
浦野,由美,新潟県,上越市,O,ゴルフ,ハンドメイド（ものづくり）,ドライブ,野菜ソムリエ,外国語（中国語・フランス語・英会話）
三輪,亜久理,新潟県,上越市,O,寺巡り,登山,タイピング,カフェ巡り,ダンス
相沢,暢興,新潟県,上越市,O,フットサル（サッカー）,トライアスロン,ヨガ,天体観測,パワースポット巡り
竹村,早織,新潟県,上越市,O,パワースポット巡り,音楽ライブ,天体観測,野菜ソムリエ,カフェ巡り
浅川,健次,新潟県,上越市,O,天体観測,バスケットボール,ラジオ,囲碁,カメラ
金山,咲久耶,新潟県,上越市,O,パワースポット巡り,燻製づくり,グルメ,サーフィン,サーフィン
早川,穂乃佳,新潟県,上越市,O,パン作り,音楽ライブ,ペット,ハンドメイド（ものづくり）,プラモデル
福田,謙多郎,新潟県,上越市,O,カフェ巡り,ラジオ,アニメ,チェス,トレーディングカードゲーム
植田,美緒,新潟県,上越市,O,インテリア,スマホゲーム,野菜ソムリエ,アロマテラピー,水族館巡り
高畑,桃歌,新潟県,上越市,O,サーフィン,パワースポット巡り,動物園巡り,書道（習字）,コスプレ
前田,孝志,新潟県,上越市,O,プログラミング,アクアリウム,水族館巡り,野菜ソムリエ,バレーボール
川島,菜々美,新潟県,上越市,O,カフェ巡り,野菜ソムリエ,ラーメン,ビリヤード,折り紙
沢田,定雄,新潟県,上越市,O,水族館巡り,ボランティア,ネットサーフィン,ドローン,カフェ巡り
鹿野,昇,新潟県,上越市,O,天体観測,ワイン,アロマテラピー,似顔絵,洞窟探索
中根,美代子,新潟県,上越市,O,音楽ライブ,温泉巡り,ネットサーフィン,ヨガ,将棋
脇田,賢次,新潟県,上越市,O,動物園巡り,動物園巡り,ランニング（ジョギング）,音楽ライブ,ドローン
大友,昭二,新潟県,上越市,O,筋トレ,野菜ソムリエ,バー巡り,野球,競馬
河上,倫子,新潟県,上越市,O,ゴルフ,イラスト,カフェ巡り,ラジオ,トレーディングカードゲーム
栗林,寅吉,新潟県,上越市,O,オセロ,動物園巡り,温泉巡り,ドライブ,野菜ソムリエ
成田,理沙,新潟県,上越市,O,DIY,洞窟探索,ヨガ,音楽ライブ,プラモデル
上岡,彩希,新潟県,上越市,O,散歩,天体観測,スポーツ観戦,散歩,パチンコ
三好,昌枝,新潟県,上越市,O,釣り,美術館巡り,ボルダリング,音楽ライブ,カラーセラピー
坂元,愛佳,新潟県,上越市,O,テレビゲーム,パン作り,トレーディングカードゲーム,ペット,野菜ソムリエ
小倉,獅童,新潟県,上越市,O,フットサル（サッカー）,パワースポット巡り,ドライブ,バー巡り,ビリヤード
冨田,凛香,新潟県,上越市,O,寺巡り,漫画,カメラ,デッサン,パワースポット巡り
北島,佳代,新潟県,上越市,O,トライアスロン,野菜ソムリエ,ネットサーフィン,ペット,ラーメン
大内,瑠奈,新潟県,上越市,O,アニメ,競馬,カフェ巡り,動物園巡り,トレーディングカードゲーム
笠原,誠治,新潟県,上越市,O,カラオケ,ボルダリング,キャンプ,スカッシュ,天体観測
若槻,さとみ,新潟県,上越市,O,バスケットボール,掃除,野菜ソムリエ,ペット,外国語（中国語・フランス語・英会話）
大野,利平,新潟県,上越市,O,天体観測,トライアスロン,サバゲー,カービング,ゴルフ
村松,長治,新潟県,上越市,O,音楽ライブ,登山,ランニング（ジョギング）,Twitter,競馬
竹原,朋之,新潟県,上越市,O,インテリア,ビリヤード,インスタ,音楽ライブ,競馬
石村,敏郎,新潟県,上越市,O,パワースポット巡り,切り絵,彫刻,パチンコ,インスタ
石坂,乙葉,新潟県,上越市,O,洞窟探索,掃除,野菜ソムリエ,映画鑑賞,掃除
松島,絵美,新潟県,上越市,O,ワイン,天体観測,掃除,ファッション,パワースポット巡り
奥村,美嘉,新潟県,上越市,O,キックボクシング,歌舞伎,カフェ巡り,ランニング（ジョギング）,グルメ
迫田,直,新潟県,上越市,O,サーフィン,キックボクシング,離島巡り,将棋,音楽ライブ
村松,藤雄,新潟県,上越市,O,パワースポット巡り,ルービックキューブ,スカッシュ,外国語（中国語・フランス語・英会話）,野球
金谷,光一,新潟県,上越市,O,ガーデニング（園芸）,アクアリウム,テレビゲーム,カフェ巡り,マジック
細野,苺花,新潟県,上越市,O,オセロ,天体観測,ドライブ,ラジオ,ダンス
藤井,政春,新潟県,上越市,O,ファッション,ワイン,カラーセラピー,野菜ソムリエ,ブログ
尾崎,裕翔,新潟県,上越市,O,カフェ巡り,切り絵,ガーデニング（園芸）,将棋,パン作り
大熊,美樹,新潟県,上越市,O,音楽ライブ,ハンドメイド（ものづくり）,トレーディングカードゲーム,トライアスロン,パワースポット巡り
及川,美智子,新潟県,上越市,O,登山,囲碁,バレーボール,音楽ライブ,ボルダリング
川井,康博,新潟県,上越市,O,トライアスロン,競馬,パン作り,天体観測,ラジオ
関谷,務,新潟県,上越市,O,博物館巡り,筋トレ,天体観測,筋トレ,散歩
岩田,翔平,新潟県,上越市,O,ボルダリング,カフェ巡り,キックボクシング,バー巡り,水族館巡り
笹原,敏明,新潟県,上越市,O,パン作り,ダンス,観葉植物,天体観測,動物園巡り
小柳,奈那,新潟県,上越市,O,アクアリウム,似顔絵,カフェ巡り,美術館巡り,アイドル
若林,章子,新潟県,上越市,O,カラオケ,カフェ巡り,プログラミング,野菜ソムリエ,バレーボール
唐沢,真奈美,新潟県,上越市,O,掃除,バー巡り,筋トレ,天体観測,似顔絵
多田,梨乃,新潟県,上越市,O,カービング,ハンドメイド（ものづくり）,天体観測,カメラ,動物園巡り
三船,六郎,新潟県,上越市,O,観葉植物,パワースポット巡り,スマホゲーム,ガーデニング（園芸）,プログラミング
菅沼,楓香,新潟県,上越市,O,俳句・川柳,アニメ,音楽ライブ,競馬,野球
河合,法嗣,新潟県,上越市,O,食べ歩き,オセロ,音楽ライブ,オセロ,観葉植物
猪俣,未来,新潟県,上越市,O,離島巡り,ドローン,観葉植物,カフェ巡り,Twitter
篠田,信明,新潟県,上越市,O,野菜ソムリエ,グルメ,天体観測,釣り,トランプ
安斎,利朗,新潟県,上越市,O,スカッシュ,アイドル,トランプ,パワースポット巡り,プログラミング
川合,真一,新潟県,上越市,O,コスプレ,パチンコ,音楽ライブ,カービング,クロスバイク
仲村,れいな,新潟県,上越市,O,プログラミング,海,プログラミング,キックボクシング,天体観測
秋本,徳男,新潟県,上越市,O,ボランティア,ペット,俳句・川柳,食べ歩き,パワースポット巡り
湯浅,佐一,新潟県,上越市,O,ラーメン,音楽ライブ,キャンプ,クロスバイク,ダンス
藤木,米吉,新潟県,上越市,O,カフェ巡り,キャンプ,ジャズ,利き酒,ビリヤード
矢口,千颯,新潟県,上越市,O,ドライブ,フットサル（サッカー）,カフェ巡り,占い,クロスバイク
小高,瑠衣,新潟県,上越市,O,競馬,パワースポット巡り,占い,温泉巡り,海
竹中,麻世,新潟県,上越市,O,野菜ソムリエ,ネットサーフィン,コスプレ,ボランティア,楽器演奏
安田,愛香,新潟県,上越市,O,海,野球,アクアリウム,アクアリウム,野菜ソムリエ
高崎,千紗都,新潟県,上越市,O,パワースポット巡り,釣り,インスタ,音楽ライブ,トレーディングカードゲーム
福地,圭一,新潟県,上越市,O,天体観測,スマホゲーム,野菜ソムリエ,洞窟探索,ダンス
玉井,清一,新潟県,上越市,O,寺巡り,音楽ライブ,将棋,トランプ,洞窟探索
岩間,亮,新潟県,上越市,O,利き酒,DIY,カフェ巡り,アクアリウム,スマホゲーム
早川,貴美子,新潟県,上越市,O,スポーツ観戦,ジャズ,野球,カラオケ,カフェ巡り
宇都宮,信子,新潟県,上越市,O,DIY,ネットサーフィン,トランプ,インスタ,カフェ巡り
宮田,涼花,新潟県,上越市,O,音楽ライブ,ボードゲーム,ボルダリング,ゴルフ,ビリヤード
河上,早苗,新潟県,上越市,O,温泉巡り,デッサン,フットサル（サッカー）,音楽ライブ,プラモデル
富山,政利,新潟県,上越市,O,登山,野菜ソムリエ,散歩,燻製づくり,アクアリウム
金井,亜沙美,新潟県,上越市,O,Twitter,パワースポット巡り,音楽ライブ,利き酒,観葉植物
杉村,崇,新潟県,上越市,O,オセロ,天体観測,瞑想,観葉植物,洞窟探索
黒木,亜矢,新潟県,上越市,O,食べ歩き,カフェ巡り,動物園巡り,似顔絵,アロマテラピー
田辺,美津子,新潟県,上越市,O,天体観測,洞窟探索,筋トレ,ゴルフ,DIY
川越,直行,新潟県,上越市,O,音楽ライブ,カービング,温泉巡り,離島巡り,筋トレ
羽田,慢太郎,新潟県,上越市,O,パワースポット巡り,俳句・川柳,動物園巡り,テレビゲーム,パン作り
畑,萌音,新潟県,上越市,O,ドライブ,パワースポット巡り,ゴルフ,スマホゲーム,インスタ
奥貫,仁,新潟県,上越市,O,天体観測,野菜ソムリエ,カフェ巡り,パワースポット巡り,音楽ライブ
葛西,照男,新潟県,上越市,O,キックボクシング,水族館巡り,動物園巡り,将棋,野菜ソムリエ
熊倉,菜々美,新潟県,上越市,O,ネットサーフィン,野菜ソムリエ,カラーセラピー,ゴルフ,映画鑑賞
小口,琉奈,新潟県,上越市,O,ガーデニング（園芸）,カメラ,ビリヤード,音楽ライブ,パン作り
矢口,未夕,新潟県,上越市,O,釣り,野菜ソムリエ,温泉巡り,ファッション,映画鑑賞
島田,晴奈,新潟県,上越市,O,トランプ,スカッシュ,ドローン,ゴルフ,天体観測
柳,龍也,新潟県,上越市,O,パワースポット巡り,アニメ,ボードゲーム,アイドル,瞑想
浦野,隆之,新潟県,上越市,O,イラスト,観葉植物,野菜ソムリエ,洞窟探索,映画鑑賞
会田,友治,新潟県,上越市,O,掃除,インスタ,天体観測,イラスト,バレーボール
川島,翔子,新潟県,上越市,O,洞窟探索,天体観測,グルメ,オセロ,ドライブ
清野,ひとみ,新潟県,上越市,O,グルメ,プログラミング,ゴルフ,天体観測,ラジオ
吉永,慎之介,新潟県,上越市,O,ボードゲーム,音楽ライブ,ネットサーフィン,ガーデニング（園芸）,スカッシュ
秋山,ひめか,新潟県,上越市,O,ジャズ,音楽ライブ,食べ歩き,タイピング,博物館巡り
中澤,和幸,新潟県,上越市,O,バスケットボール,寺巡り,音楽ライブ,博物館巡り,キャンプ
矢吹,大樹,新潟県,上越市,O,将棋,天体観測,タイピング,パワースポット巡り,カービング
岸田,花柚,新潟県,上越市,O,アニメ,マジック,ドローン,野球,音楽ライブ
佐川,豊,新潟県,上越市,O,観葉植物,天体観測,彫刻,音楽ライブ,料理
大前,創,新潟県,上越市,O,ラーメン,インスタ,瞑想,パワースポット巡り,ダーツ
浜田,一代,新潟県,上越市,O,サバゲー,マジック,野菜ソムリエ,掃除,動物園巡り
高島,俊文,新潟県,上越市,O,ビリヤード,バレーボール,カラオケ,トレーディングカードゲーム,パワースポット巡り
中澤,朋花,新潟県,上越市,O,ワイン,カメラ,ワイン,食べ歩き,野菜ソムリエ
堀内,武志,新潟県,上越市,O,瞑想,カフェ巡り,キャンプ,タイピング,パン作り
畠中,孝夫,新潟県,上越市,O,アイドル,野菜ソムリエ,ラジオ,寺巡り,ビリヤード
瀬川,広幸,新潟県,上越市,O,野菜ソムリエ,ランニング（ジョギング）,アイドル,イラスト,温泉巡り
栗林,講一,新潟県,上越市,O,マジック,ゴルフ,散歩,天体観測,バスケットボール
寺尾,夏美,新潟県,上越市,O,インテリア,野菜ソムリエ,スカッシュ,動物園巡り,美術館巡り
風間,柚,新潟県,上越市,O,俳句・川柳,チェス,ネットサーフィン,トレーディングカードゲーム,カフェ巡り
高山,宣政,新潟県,上越市,O,映画鑑賞,占い,カフェ巡り,カービング,ゴルフ
浜崎,薫,新潟県,上越市,O,カフェ巡り,パワースポット巡り,音楽ライブ,天体観測,野菜ソムリエ
新川,花凛,新潟県,上越市,O,ボルダリング,天体観測,美術館巡り,ブログ,ドローン
皆川,忍,新潟県,上越市,O,カービング,アクアリウム,水族館巡り,パワースポット巡り,キックボクシング
小堀,幸二,新潟県,上越市,O,アロマテラピー,音楽ライブ,観葉植物,スマホゲーム,彫刻
岩佐,結依,新潟県,上越市,O,洞窟探索,天体観測,キャンプ,Twitter,ネットサーフィン
城戸,咲季,新潟県,上越市,O,散歩,ブログ,音楽ライブ,アイドル,ワイン
臼井,紫,新潟県,上越市,O,ガーデニング（園芸）,掃除,カメラ,ボランティア,パワースポット巡り
熊倉,和男,新潟県,上越市,O,トランプ,洞窟探索,音楽ライブ,漫画,アクアリウム
有馬,和恵,新潟県,上越市,O,サーフィン,コスプレ,チェス,トライアスロン,パワースポット巡り
山上,空,新潟県,上越市,O,Twitter,ドローン,クロスバイク,野菜ソムリエ,インスタ
平林,棟上,新潟県,上越市,O,カフェ巡り,ネットサーフィン,プラモデル,マジック,折り紙
大江,凪,新潟県,上越市,O,パン作り,パワースポット巡り,外国語（中国語・フランス語・英会話）,マジック,ガーデニング（園芸）
影山,孝一,新潟県,上越市,O,野球,天体観測,燻製づくり,ボルダリング,筋トレ
塚原,健之,新潟県,上越市,O,ルービックキューブ,野菜ソムリエ,グルメ,グルメ,囲碁
藤島,成良,新潟県,上越市,O,野菜ソムリエ,歌舞伎,イラスト,水族館巡り,ヨガ
中澤,真美,新潟県,上越市,O,寺巡り,ビリヤード,野菜ソムリエ,燻製づくり,ペット
土井,郁美,新潟県,上越市,O,ルービックキューブ,トレーディングカードゲーム,ワイン,ガーデニング（園芸）,野菜ソムリエ
泉,正義,新潟県,上越市,O,バー巡り,ペット,アロマテラピー,寺巡り,野菜ソムリエ
細川,夏空,新潟県,上越市,O,スカッシュ,野菜ソムリエ,デッサン,瞑想,ルービックキューブ
真矢,沙知絵,新潟県,上越市,O,漫画,プラモデル,筋トレ,野菜ソムリエ,バスケットボール
高見,妙子,新潟県,上越市,O,折り紙,カフェ巡り,プラモデル,野菜ソムリエ,美術館巡り
大浦,日菜花,新潟県,上越市,O,ボランティア,食べ歩き,パチンコ,天体観測,彫刻
藤沢,乙葉,新潟県,上越市,O,瞑想,燻製づくり,ランニング（ジョギング）,テレビゲーム,音楽ライブ
三好,翔太,新潟県,上越市,O,釣り,カフェ巡り,キックボクシング,バスケットボール,ラジオ
三田,友香,新潟県,上越市,O,寺巡り,カメラ,食べ歩き,タイピング,野菜ソムリエ
辻本,清茂,新潟県,上越市,O,野菜ソムリエ,カラオケ,囲碁,パワースポット巡り,トランプ
仲村,苺花,新潟県,上越市,O,パワースポット巡り,外国語（中国語・フランス語・英会話）,ファッション,ボルダリング,ハンドメイド（ものづくり）
大滝,敬子,新潟県,上越市,O,ルービックキューブ,散歩,音楽ライブ,ゴルフ,ヨガ
前田,花緑,新潟県,上越市,O,楽器演奏,プラモデル,料理,野菜ソムリエ,野球
橋本,沙彩,新潟県,上越市,O,スマホゲーム,筋トレ,離島巡り,パワースポット巡り,ランニング（ジョギング）
瀬戸,堂下,新潟県,上越市,O,トランプ,バイク,プログラミング,天体観測,スカッシュ
岩沢,秀雄,新潟県,上越市,O,コスプレ,燻製づくり,折り紙,カフェ巡り,アニメ
宇田川,依子,新潟県,上越市,O,天体観測,プログラミング,トライアスロン,楽器演奏,動物園巡り
村木,優花,新潟県,上越市,O,Twitter,インテリア,天体観測,似顔絵,バー巡り
本村,佐知子,新潟県,上越市,O,野菜ソムリエ,ルービックキューブ,ブログ,洞窟探索,ルービックキューブ
滝田,民男,新潟県,上越市,O,ダーツ,動物園巡り,利き酒,カービング,天体観測
細川,玲,新潟県,上越市,O,野菜ソムリエ,離島巡り,海,カービング,ルービックキューブ
小出,結衣,新潟県,上越市,O,音楽ライブ,天体観測,野菜ソムリエ,カフェ巡り,パワースポット巡り
新井,敦,新潟県,上越市,O,競馬,ブログ,クロスバイク,野菜ソムリエ,似顔絵
小松,めぐみ,新潟県,上越市,O,カフェ巡り,パワースポット巡り,音楽ライブ,天体観測,野菜ソムリエ
河崎,莉桜,新潟県,上越市,O,DIY,フットサル（サッカー）,パワースポット巡り,パワースポット巡り,燻製づくり
金城,勝久,新潟県,上越市,O,ゴルフ,サバゲー,ダーツ,クロスバイク,天体観測
長尾,浩一,新潟県,上越市,O,ファッション,天体観測,食べ歩き,バイク,タイピング
松岡,道雄,新潟県,上越市,O,掃除,歌舞伎,イラスト,野菜ソムリエ,カービング
丸田,春代,新潟県,上越市,O,寺巡り,カフェ巡り,Twitter,水族館巡り,イラスト
大高,羽菜,新潟県,上越市,O,ネットサーフィン,ネットサーフィン,アニメ,映画鑑賞,天体観測
平,祐基,新潟県,上越市,O,離島巡り,天体観測,占い,サーフィン,トランプ
青木,雛乃,新潟県,上越市,O,天体観測,水族館巡り,アイドル,外国語（中国語・フランス語・英会話）,切り絵
北村,優,新潟県,上越市,O,釣り,野菜ソムリエ,海,パチンコ,外国語（中国語・フランス語・英会話）
小杉,恵理,新潟県,上越市,O,野菜ソムリエ,アイドル,プログラミング,映画鑑賞,書道（習字）
川瀬,亮介,新潟県,上越市,O,釣り,パワースポット巡り,パチンコ,カラオケ,海
坂下,泰男,新潟県,上越市,O,燻製づくり,観葉植物,バスケットボール,書道（習字）,音楽ライブ
首藤,英彦,新潟県,上越市,O,カラーセラピー,天体観測,博物館巡り,俳句・川柳,野球
中林,博史,新潟県,上越市,O,マジック,野菜ソムリエ,料理,散歩,アニメ
三好,優斗,新潟県,上越市,O,食べ歩き,温泉巡り,野菜ソムリエ,将棋,ラジオ
黒岩,春樹,新潟県,上越市,O,ペット,水族館巡り,天体観測,パチンコ,プラモデル
富山,徹,新潟県,上越市,O,サーフィン,水族館巡り,燻製づくり,燻製づくり,音楽ライブ
山岡,栄一,新潟県,上越市,O,ガーデニング（園芸）,ドライブ,書道（習字）,野菜ソムリエ,ダーツ
今田,一子,新潟県,上越市,O,カメラ,オセロ,チェス,音楽ライブ,パチンコ
新倉,旭,新潟県,上越市,O,天体観測,料理,ボードゲーム,インテリア,スマホゲーム
菊地,富夫,新潟県,上越市,O,観葉植物,美術館巡り,パワースポット巡り,パン作り,利き酒
古市,弥太郎,新潟県,上越市,O,競馬,パワースポット巡り,将棋,寺巡り,バー巡り
土谷,桃香,新潟県,上越市,O,美術館巡り,DIY,トランプ,食べ歩き,音楽ライブ
野呂,浩俊,新潟県,上越市,O,音楽ライブ,インテリア,トランプ,水族館巡り,散歩
横川,茂行,新潟県,上越市,O,利き酒,ラジオ,野菜ソムリエ,筋トレ,サーフィン
小室,千佳子,新潟県,上越市,O,カフェ巡り,パワースポット巡り,音楽ライブ,天体観測,野菜ソムリエ
目黒,知里,新潟県,上越市,O,バー巡り,ゴルフ,バレーボール,カフェ巡り,スカッシュ
戸塚,麗,新潟県,上越市,O,パワースポット巡り,パチンコ,ガーデニング（園芸）,DIY,インテリア
杉原,優,新潟県,上越市,O,ラーメン,筋トレ,ワイン,天体観測,囲碁
竹田,泰彦,新潟県,上越市,O,ルービックキューブ,音楽ライブ,釣り,アロマテラピー,ラーメン
阪口,照生,新潟県,上越市,O,釣り,ドライブ,ダンス,美術館巡り,音楽ライブ
上山,美紀子,新潟県,上越市,O,パン作り,キックボクシング,Twitter,天体観測,将棋
青木,彼方,新潟県,上越市,O,カメラ,漫画,音楽ライブ,カラーセラピー,温泉巡り
三原,麻奈,新潟県,上越市,O,ネットサーフィン,料理,アクアリウム,天体観測,ヨガ
長谷部,美姫,新潟県,上越市,O,釣り,野菜ソムリエ,カフェ巡り,ラジオ,ルービックキューブ
佐久間,唯,新潟県,上越市,O,ネットサーフィン,ダーツ,クロスバイク,野菜ソムリエ,アクアリウム
保田,伊代,新潟県,上越市,O,バイク,料理,カフェ巡り,フットサル（サッカー）,野球
甲斐,一輝,新潟県,上越市,O,音楽ライブ,アニメ,野球,カフェ巡り,パチンコ
鶴田,綾奈,新潟県,上越市,O,プラモデル,離島巡り,トランプ,音楽ライブ,ボードゲーム
植木,優,新潟県,上越市,O,天体観測,野菜ソムリエ,カフェ巡り,パワースポット巡り,音楽ライブ
後藤,眞子,新潟県,上越市,O,カフェ巡り,外国語（中国語・フランス語・英会話）,折り紙,ゴルフ,ボランティア
小池,亜弓,新潟県,上越市,O,音楽ライブ,キックボクシング,トライアスロン,ゴルフ,イラスト
森島,美玲,新潟県,上越市,O,マジック,ダーツ,イラスト,パワースポット巡り,アニメ
川畑,貞夫,新潟県,上越市,O,テレビゲーム,デッサン,野菜ソムリエ,トレーディングカードゲーム,ルービックキューブ
河口,遥華,新潟県,上越市,O,野菜ソムリエ,オセロ,掃除,トライアスロン,ランニング（ジョギング）
露木,義哉,新潟県,上越市,O,俳句・川柳,野菜ソムリエ,インテリア,バレーボール,掃除
梅原,円香,新潟県,上越市,O,デッサン,燻製づくり,水族館巡り,ヨガ,音楽ライブ
西村,明,新潟県,上越市,O,登山,野菜ソムリエ,スポーツ観戦,ダンス,インスタ
丹羽,恭子,新潟県,上越市,O,カフェ巡り,観葉植物,ペット,スマホゲーム,オセロ
松原,花,新潟県,上越市,O,歌舞伎,美術館巡り,ランニング（ジョギング）,洞窟探索,天体観測
古市,勇二,新潟県,上越市,O,天体観測,占い,動物園巡り,トランプ,フットサル（サッカー）
湯浅,敏宏,新潟県,上越市,O,チェス,似顔絵,スポーツ観戦,フットサル（サッカー）,カフェ巡り
笹川,由希子,新潟県,上越市,O,ボランティア,ドローン,音楽ライブ,温泉巡り,切り絵
青山,民男,新潟県,上越市,O,瞑想,オセロ,スカッシュ,ハンドメイド（ものづくり）,野菜ソムリエ
木村,朋花,新潟県,上越市,O,ボランティア,寺巡り,トレーディングカードゲーム,天体観測,テレビゲーム
島袋,寿男,新潟県,上越市,O,ラジオ,天体観測,インテリア,ダーツ,トレーディングカードゲーム
太田,貴史,新潟県,上越市,O,観葉植物,似顔絵,パチンコ,観葉植物,天体観測
佐野,寿子,新潟県,上越市,O,寺巡り,カラーセラピー,ブログ,パワースポット巡り,ブログ
栗本,小枝子,新潟県,上越市,O,ガーデニング（園芸）,カービング,ネットサーフィン,折り紙,天体観測
北山,英実,新潟県,上越市,O,散歩,天体観測,ボードゲーム,散歩,サバゲー
河崎,明日香,新潟県,上越市,O,切り絵,ジャズ,バスケットボール,カラオケ,野菜ソムリエ
河口,絵美,新潟県,上越市,O,マジック,天体観測,動物園巡り,トランプ,温泉巡り
谷本,フミヤ,新潟県,上越市,O,アクアリウム,カフェ巡り,Twitter,占い,スポーツ観戦
永島,陽向,新潟県,上越市,O,瞑想,将棋,音楽ライブ,アロマテラピー,寺巡り
戸田,雄太,新潟県,上越市,O,プラモデル,カービング,テレビゲーム,マジック,野菜ソムリエ
後藤,安男,新潟県,上越市,O,ボルダリング,カフェ巡り,洞窟探索,バレーボール,トレーディングカードゲーム
北尾,陽保,新潟県,上越市,O,カービング,囲碁,インスタ,ゴルフ,音楽ライブ
神野,拓海,新潟県,上越市,O,カフェ巡り,バスケットボール,温泉巡り,アクアリウム,瞑想
野本,紀男,新潟県,上越市,O,カフェ巡り,ワイン,ダーツ,折り紙,釣り
小暮,雅裕,新潟県,上越市,O,アイドル,カフェ巡り,ワイン,サーフィン,折り紙
藤田,完治,新潟県,上越市,O,デッサン,料理,カラーセラピー,バレーボール,天体観測
坂下,結月,新潟県,上越市,O,アロマテラピー,野菜ソムリエ,サバゲー,占い,バイク
赤木,竜也,新潟県,上越市,O,料理,筋トレ,観葉植物,天体観測,ランニング（ジョギング）
上原,透和,新潟県,上越市,O,カラオケ,ボルダリング,料理,天体観測,登山
勝田,三朗,新潟県,上越市,O,書道（習字）,囲碁,カフェ巡り,パワースポット巡り,プログラミング
栗本,蓮,新潟県,上越市,O,競馬,博物館巡り,アクアリウム,天体観測,切り絵
森島,夏子,新潟県,上越市,O,瞑想,離島巡り,天体観測,占い,ビリヤード
小松,和泉,新潟県,上越市,O,DIY,カフェ巡り,外国語（中国語・フランス語・英会話）,俳句・川柳,トレーディングカードゲーム
辻本,健太,新潟県,上越市,O,マジック,野球,カフェ巡り,映画鑑賞,ビリヤード
田原,奈月,新潟県,上越市,O,美術館巡り,食べ歩き,散歩,天体観測,瞑想
古橋,由佳利,新潟県,上越市,O,音楽ライブ,料理,美術館巡り,天体観測,カフェ巡り
池本,里大,新潟県,上越市,O,バレーボール,カフェ巡り,ボルダリング,ジャズ,博物館巡り
宮下,羽菜,新潟県,上越市,O,音楽ライブ,ラジオ,トランプ,登山,離島巡り
川村,多紀,新潟県,上越市,O,ラーメン,音楽ライブ,プログラミング,アクアリウム,グルメ
大橋,新吉,新潟県,上越市,O,ガーデニング（園芸）,野球,アクアリウム,ルービックキューブ,天体観測
石山,陸,新潟県,上越市,O,温泉巡り,洞窟探索,パワースポット巡り,競馬,ファッション
伏見,美名子,新潟県,上越市,O,音楽ライブ,サーフィン,音楽ライブ,バー巡り,楽器演奏
石黒,正人,新潟県,上越市,O,温泉巡り,音楽ライブ,ランニング（ジョギング）,切り絵,チェス
大井,貴史,新潟県,上越市,O,切り絵,アイドル,テレビゲーム,野菜ソムリエ,水族館巡り
木村,隆則,新潟県,上越市,O,トランプ,野菜ソムリエ,トレーディングカードゲーム,ドローン,ドローン
高原,啓介,新潟県,上越市,O,ボードゲーム,ハンドメイド（ものづくり）,寺巡り,バレーボール,カフェ巡り
土谷,安奈,新潟県,上越市,O,バレーボール,パワースポット巡り,瞑想,博物館巡り,カフェ巡り
草野,靖,新潟県,上越市,O,寺巡り,天体観測,似顔絵,ヨガ,利き酒
若槻,明日,新潟県,上越市,O,カフェ巡り,音楽ライブ,オセロ,パン作り,カメラ
石渡,愛,新潟県,上越市,O,カメラ,料理,ドライブ,スマホゲーム,音楽ライブ
釈,璃子,新潟県,上越市,O,スポーツ観戦,カフェ巡り,ラジオ,観葉植物,俳句・川柳
湯浅,俊彦,新潟県,上越市,O,プログラミング,イラスト,天体観測,トライアスロン,ドライブ
水口,麻巳子,新潟県,上越市,O,カフェ巡り,占い,フットサル（サッカー）,スカッシュ,ラーメン
西村,深雪,新潟県,上越市,O,音楽ライブ,天体観測,野菜ソムリエ,カフェ巡り,パワースポット巡り
江成,南海,新潟県,上越市,O,アイドル,野菜ソムリエ,占い,キャンプ,キャンプ
野上,寿明,新潟県,上越市,O,音楽ライブ,天体観測,野菜ソムリエ,カフェ巡り,パワースポット巡り
岩永,亜衣,新潟県,上越市,O,掃除,ファッション,フットサル（サッカー）,食べ歩き,カフェ巡り
横尾,博信,新潟県,上越市,O,キックボクシング,カフェ巡り,ランニング（ジョギング）,ボルダリング,ペット
滝,武久,新潟県,上越市,O,キックボクシング,離島巡り,スポーツ観戦,水族館巡り,音楽ライブ
風間,幸市,新潟県,上越市,O,ルービックキューブ,トライアスロン,漫画,Twitter,パワースポット巡り
竹本,巧,新潟県,上越市,O,インテリア,パワースポット巡り,温泉巡り,歌舞伎,ドライブ
岩沢,碧衣,新潟県,上越市,O,離島巡り,食べ歩き,コスプレ,カフェ巡り,サーフィン
紺野,通夫,新潟県,上越市,O,外国語（中国語・フランス語・英会話）,占い,観葉植物,ハンドメイド（ものづくり）,天体観測
浦野,仁,新潟県,上越市,O,野菜ソムリエ,アロマテラピー,DIY,スカッシュ,観葉植物
畠中,春男,新潟県,上越市,O,折り紙,アクアリウム,パワースポット巡り,カラオケ,寺巡り
大槻,雅,新潟県,上越市,O,利き酒,温泉巡り,ボードゲーム,サバゲー,野菜ソムリエ
橋爪,三夫,新潟県,上越市,O,音楽ライブ,ネットサーフィン,ボードゲーム,美術館巡り,キャンプ
金山,風香,新潟県,上越市,O,音楽ライブ,タイピング,プラモデル,折り紙,アニメ
河原,泰彦,新潟県,上越市,O,デッサン,マジック,料理,折り紙,パワースポット巡り
矢田,華凛,新潟県,上越市,O,ビリヤード,音楽ライブ,ビリヤード,ヨガ,インテリア
菊地,菫,新潟県,上越市,O,野菜ソムリエ,料理,ダンス,ビリヤード,フットサル（サッカー）
野口,幸司,新潟県,上越市,O,温泉巡り,水族館巡り,パワースポット巡り,バイク,洞窟探索
石井,亮太,新潟県,上越市,O,美術館巡り,切り絵,折り紙,カフェ巡り,ボルダリング
小栗,優希,新潟県,上越市,O,パチンコ,トレーディングカードゲーム,登山,映画鑑賞,音楽ライブ
山元,砂羽,新潟県,上越市,O,コスプレ,インテリア,イラスト,ドローン,野菜ソムリエ
田崎,直人,新潟県,上越市,O,天体観測,野菜ソムリエ,カフェ巡り,パワースポット巡り,音楽ライブ
坂野,恵美,新潟県,上越市,O,音楽ライブ,テレビゲーム,野球,テレビゲーム,バイク
川西,青冴,新潟県,上越市,O,野菜ソムリエ,オセロ,スカッシュ,ペット,ボランティア
安藤,克巳,新潟県,上越市,O,パン作り,パワースポット巡り,ドライブ,離島巡り,料理
碓井,昌男,新潟県,上越市,O,バレーボール,パワースポット巡り,フットサル（サッカー）,バレーボール,映画鑑賞
猪俣,利平,新潟県,上越市,O,ビリヤード,アイドル,ボランティア,バイク,音楽ライブ
相原,美希,新潟県,上越市,O,料理,アクアリウム,キックボクシング,カフェ巡り,ガーデニング（園芸）
江成,淳揮,新潟県,上越市,O,俳句・川柳,天体観測,トライアスロン,ルービックキューブ,食べ歩き
白木,加奈子,新潟県,上越市,O,スマホゲーム,カフェ巡り,燻製づくり,水族館巡り,サバゲー
及川,ひろ子,新潟県,上越市,O,似顔絵,天体観測,音楽ライブ,ファッション,彫刻
名取,美也子,新潟県,上越市,O,カフェ巡り,野球,トレーディングカードゲーム,ラジオ,カラーセラピー
寺崎,勝昭,新潟県,上越市,O,ハンドメイド（ものづくり）,筋トレ,トレーディングカードゲーム,ルービックキューブ,パワースポット巡り
古川,さとみ,新潟県,上越市,O,パワースポット巡り,音楽ライブ,天体観測,野菜ソムリエ,カフェ巡り
笹森,拓也,新潟県,上越市,O,カフェ巡り,スポーツ観戦,スカッシュ,博物館巡り,ファッション
奈良,栄次,新潟県,上越市,O,競馬,トレーディングカードゲーム,占い,音楽ライブ,歌舞伎
板橋,重行,新潟県,上越市,O,利き酒,天体観測,アニメ,ビリヤード,釣り
石黒,刀矢,新潟県,上越市,O,カフェ巡り,サーフィン,マジック,ルービックキューブ,オセロ
荻原,優,新潟県,上越市,O,天体観測,野菜ソムリエ,カフェ巡り,パワースポット巡り,音楽ライブ
宮脇,務,新潟県,上越市,O,カフェ巡り,タイピング,ファッション,ワイン,ラジオ
目黒,清三,新潟県,上越市,O,オセロ,天体観測,チェス,ネットサーフィン,ボードゲーム
高柳,耕筰,新潟県,上越市,O,天体観測,ジャズ,水族館巡り,サバゲー,野菜ソムリエ
山野,理恵子,新潟県,上越市,O,利き酒,ガーデニング（園芸）,クロスバイク,チェス,カフェ巡り
笹本,薫,新潟県,上越市,O,アクアリウム,ファッション,ラジオ,音楽ライブ,ボルダリング
小松,千夏,新潟県,上越市,O,似顔絵,折り紙,パワースポット巡り,スカッシュ,スポーツ観戦
紺野,理恵子,新潟県,上越市,O,天体観測,カラオケ,ファッション,漫画,スマホゲーム
森下,真悠子,新潟県,上越市,O,温泉巡り,野菜ソムリエ,競馬,美術館巡り,洞窟探索
河野,米吉,新潟県,上越市,O,グルメ,登山,彫刻,動物園巡り,音楽ライブ
日高,裕司,新潟県,上越市,O,漫画,ネットサーフィン,散歩,野菜ソムリエ,折り紙
矢崎,行雄,新潟県,上越市,O,グルメ,散歩,野菜ソムリエ,漫画,コスプレ
関本,稜楓,新潟県,上越市,O,筋トレ,デッサン,筋トレ,ヨガ,天体観測
安座間,小雁,新潟県,上越市,O,アニメ,天体観測,プラモデル,折り紙,テレビゲーム
秋元,由紀子,新潟県,上越市,O,ジャズ,プログラミング,散歩,インテリア,野菜ソムリエ
宮城,玲那,新潟県,上越市,O,占い,水族館巡り,天体観測,折り紙,野菜ソムリエ
高倉,エリカ,新潟県,上越市,O,コスプレ,ラーメン,温泉巡り,カービング,パワースポット巡り
江川,孝子,新潟県,上越市,O,洞窟探索,ラジオ,ヨガ,野菜ソムリエ,彫刻
小山,久男,新潟県,上越市,O,野菜ソムリエ,クロスバイク,ハンドメイド（ものづくり）,スポーツ観戦,音楽ライブ
長友,可憐,新潟県,上越市,O,パワースポット巡り,ラジオ,スマホゲーム,料理,ダーツ
北,諒佑,新潟県,上越市,O,スカッシュ,将棋,動物園巡り,歌舞伎,天体観測
坂,実優,新潟県,上越市,O,温泉巡り,マジック,アクアリウム,ラーメン,天体観測
三谷,政子,新潟県,上越市,O,似顔絵,音楽ライブ,燻製づくり,登山,スポーツ観戦
金沢,菜々子,新潟県,上越市,O,彫刻,ダンス,アクアリウム,音楽ライブ,動物園巡り
中沢,都,新潟県,上越市,O,バー巡り,スポーツ観戦,カラーセラピー,パワースポット巡り,クロスバイク
寺本,文雄,新潟県,上越市,O,ビリヤード,折り紙,音楽ライブ,書道（習字）,スポーツ観戦
竹原,美子,新潟県,上越市,O,将棋,折り紙,利き酒,パワースポット巡り,ボードゲーム
河野,雅之,新潟県,上越市,O,天体観測,カラオケ,クロスバイク,サバゲー,アクアリウム
金山,誠治,新潟県,上越市,O,海,イラスト,美術館巡り,フットサル（サッカー）,天体観測
大西,優子,新潟県,上越市,O,野菜ソムリエ,ドローン,切り絵,スポーツ観戦,燻製づくり
浅見,美優,新潟県,上越市,O,野菜ソムリエ,カフェ巡り,パワースポット巡り,音楽ライブ,天体観測
小杉,勝哉,新潟県,上越市,O,水族館巡り,野球,ワイン,野菜ソムリエ,ルービックキューブ
那須,来未,新潟県,上越市,O,パン作り,野菜ソムリエ,彫刻,パチンコ,バレーボール
深田,謙二,新潟県,上越市,O,料理,アニメ,パワースポット巡り,スポーツ観戦,プラモデル
橘,瞬,新潟県,上越市,O,野菜ソムリエ,バスケットボール,デッサン,ダーツ,折り紙
高村,恒夫,新潟県,上越市,O,温泉巡り,食べ歩き,観葉植物,占い,音楽ライブ
ともさか,亮介,新潟県,上越市,O,パワースポット巡り,釣り,歌舞伎,クロスバイク,ダーツ
今田,ジョージ,新潟県,上越市,O,博物館巡り,マジック,海,音楽ライブ,ヨガ
藤木,竜也,新潟県,上越市,O,野球,カフェ巡り,スカッシュ,ハンドメイド（ものづくり）,博物館巡り
生田,弥生,新潟県,上越市,O,歌舞伎,ヨガ,音楽ライブ,ラジオ,トライアスロン
湊,光,新潟県,上越市,O,ペット,カフェ巡り,釣り,美術館巡り,離島巡り
安部,純子,新潟県,上越市,O,漫画,カラオケ,俳句・川柳,美術館巡り,パワースポット巡り
今田,巧,新潟県,上越市,O,天体観測,寺巡り,カラーセラピー,折り紙,歌舞伎
諏訪,安奈,新潟県,上越市,O,美術館巡り,デッサン,パワースポット巡り,外国語（中国語・フランス語・英会話）,掃除
塩田,舞衣,新潟県,上越市,O,アイドル,観葉植物,フットサル（サッカー）,ガーデニング（園芸）,パワースポット巡り
岡山,綾音,新潟県,上越市,O,パチンコ,パワースポット巡り,ゴルフ,トレーディングカードゲーム,天体観測
内山,章一,新潟県,上越市,O,書道（習字）,マジック,ネットサーフィン,スポーツ観戦,野菜ソムリエ
坂田,清蔵,新潟県,上越市,O,カフェ巡り,バレーボール,コスプレ,マジック,フットサル（サッカー）
横山,徳治,新潟県,上越市,O,瞑想,利き酒,似顔絵,天体観測,美術館巡り
岸田,好男,新潟県,上越市,O,切り絵,漫画,スマホゲーム,カフェ巡り,タイピング
古沢,早紀,新潟県,上越市,O,ガーデニング（園芸）,パワースポット巡り,将棋,ペット,ブログ
藤原,三枝子,新潟県,上越市,O,寺巡り,インスタ,野球,カフェ巡り,野球
高瀬,穂香,新潟県,上越市,O,カメラ,パワースポット巡り,漫画,オセロ,バレーボール
舟木,康子,新潟県,上越市,O,掃除,ジャズ,カフェ巡り,アニメ,ボードゲーム
細川,恵美,新潟県,上越市,O,音楽ライブ,天体観測,野菜ソムリエ,カフェ巡り,パワースポット巡り
宮城,宏行,新潟県,上越市,O,野菜ソムリエ,カフェ巡り,パワースポット巡り,音楽ライブ,天体観測
中本,正敏,新潟県,上越市,O,ペット,ルービックキューブ,ルービックキューブ,野菜ソムリエ,彫刻
妹尾,巌,新潟県,上越市,O,動物園巡り,カフェ巡り,ワイン,ヨガ,ゴルフ
曽根,昭雄,新潟県,上越市,O,パワースポット巡り,似顔絵,ボランティア,Twitter,離島巡り
森谷,寛,新潟県,上越市,O,洞窟探索,チェス,ブログ,カフェ巡り,掃除
北田,紗耶,新潟県,上越市,O,天体観測,ドライブ,チェス,チェス,楽器演奏
高倉,瑠菜,新潟県,上越市,O,洞窟探索,ダンス,キックボクシング,天体観測,ビリヤード
井沢,敬二,新潟県,上越市,O,野菜ソムリエ,将棋,外国語（中国語・フランス語・英会話）,ドローン,ゴルフ
安藤,政雄,新潟県,上越市,O,サーフィン,料理,キャンプ,天体観測,ペット
村上,理香,新潟県,上越市,O,野菜ソムリエ,ランニング（ジョギング）,パン作り,温泉巡り,イラスト
伏見,奈々乃,新潟県,上越市,O,スマホゲーム,プラモデル,切り絵,野菜ソムリエ,フットサル（サッカー）
秦,常雄,新潟県,上越市,O,野菜ソムリエ,ボードゲーム,パン作り,キャンプ,パワースポット巡り
瀬戸,葵,新潟県,上越市,O,グルメ,アクアリウム,映画鑑賞,ヨガ,カフェ巡り
秋本,次雄,新潟県,上越市,O,プラモデル,ボードゲーム,野菜ソムリエ,フットサル（サッカー）,燻製づくり
沢村,環,新潟県,上越市,O,パワースポット巡り,タイピング,カメラ,温泉巡り,折り紙
森山,凛子,新潟県,上越市,O,ハンドメイド（ものづくり）,カメラ,水族館巡り,楽器演奏,天体観測
川村,亜矢子,新潟県,上越市,O,パワースポット巡り,楽器演奏,天体観測,釣り,トランプ
浜本,朔,新潟県,上越市,O,ハンドメイド（ものづくり）,海,プラモデル,ファッション,天体観測
保田,光義,新潟県,上越市,O,天体観測,カービング,トランプ,サバゲー,カフェ巡り
市村,憲二,新潟県,上越市,O,書道（習字）,野菜ソムリエ,料理,ボードゲーム,バー巡り
横井,隆,新潟県,上越市,O,インスタ,デッサン,カフェ巡り,外国語（中国語・フランス語・英会話）,Twitter
黒田,葉奈,新潟県,上越市,O,ランニング（ジョギング）,音楽ライブ,寺巡り,パン作り,音楽ライブ
大倉,博之,新潟県,上越市,O,プログラミング,洞窟探索,筋トレ,スポーツ観戦,パワースポット巡り
赤井,良一,新潟県,上越市,O,アロマテラピー,アイドル,カフェ巡り,ペット,ラーメン
島津,保之,新潟県,上越市,O,占い,パワースポット巡り,ヨガ,バレーボール,バスケットボール
菅野,一弘,新潟県,上越市,O,スカッシュ,天体観測,テレビゲーム,イラスト,ランニング（ジョギング）
丸山,幸太郎,新潟県,上越市,O,野菜ソムリエ,ボルダリング,将棋,テレビゲーム,ネットサーフィン
西谷,千絵,新潟県,上越市,O,グルメ,温泉巡り,カフェ巡り,アニメ,温泉巡り
黒崎,雅彦,新潟県,上越市,O,スポーツ観戦,ダーツ,音楽ライブ,似顔絵,登山
小林,瑠加,新潟県,上越市,O,スカッシュ,ワイン,野菜ソムリエ,ドライブ,ハンドメイド（ものづくり）
神崎,飛鳥,新潟県,上越市,O,カラーセラピー,ボードゲーム,Twitter,離島巡り,音楽ライブ
生田,武彦,新潟県,上越市,O,散歩,音楽ライブ,ビリヤード,折り紙,ボランティア
大津,梨緒,新潟県,上越市,O,筋トレ,天体観測,俳句・川柳,キャンプ,外国語（中国語・フランス語・英会話）
金城,結羽,新潟県,上越市,O,ファッション,温泉巡り,食べ歩き,野菜ソムリエ,筋トレ
皆川,美菜,新潟県,上越市,O,外国語（中国語・フランス語・英会話）,燻製づくり,フットサル（サッカー）,パワースポット巡り,バスケットボール
河村,椿,新潟県,上越市,O,トライアスロン,野菜ソムリエ,ファッション,パワースポット巡り,マジック
諸星,架純,新潟県,上越市,O,登山,ダーツ,天体観測,サバゲー,トライアスロン
塚田,陽菜子,新潟県,上越市,O,切り絵,ボランティア,楽器演奏,音楽ライブ,散歩
岩谷,佳奈,新潟県,上越市,O,占い,スカッシュ,俳句・川柳,カフェ巡り,登山
永山,里穂,新潟県,上越市,O,パワースポット巡り,ボルダリング,散歩,食べ歩き,掃除
神山,悠奈,新潟県,上越市,O,野菜ソムリエ,パン作り,ペット,楽器演奏,ハンドメイド（ものづくり）
江頭,登,新潟県,上越市,O,オセロ,カラオケ,天体観測,オセロ,洞窟探索
和田,莉乃,新潟県,上越市,O,アニメ,料理,Twitter,ジャズ,カフェ巡り
中沢,覚,新潟県,上越市,O,ボルダリング,離島巡り,野菜ソムリエ,カービング,ドローン
神田,舞桜,新潟県,上越市,O,ネットサーフィン,洞窟探索,映画鑑賞,ゴルフ,野菜ソムリエ
野村,大輝,新潟県,上越市,O,カフェ巡り,クロスバイク,カメラ,キャンプ,掃除
中村,岩夫,新潟県,上越市,O,カフェ巡り,折り紙,マジック,オセロ,海
神保,新一,新潟県,上越市,O,ハンドメイド（ものづくり）,トライアスロン,ゴルフ,音楽ライブ,グルメ
成瀬,遥,新潟県,上越市,O,音楽ライブ,天体観測,野菜ソムリエ,カフェ巡り,パワースポット巡り
瀬尾,幸一,新潟県,上越市,O,野菜ソムリエ,音楽ライブ,ダンス,アニメ,料理
中川,惇,新潟県,上越市,O,アイドル,博物館巡り,グルメ,バレーボール,パワースポット巡り
浅田,雄太,新潟県,上越市,O,バスケットボール,野菜ソムリエ,グルメ,パワースポット巡り,ラーメン
中村,憲治,新潟県,上越市,O,海,サバゲー,デッサン,離島巡り,天体観測
宮城,詩織,新潟県,上越市,O,パワースポット巡り,ドローン,ルービックキューブ,イラスト,音楽ライブ
小西,伸夫,新潟県,上越市,O,書道（習字）,折り紙,音楽ライブ,サーフィン,カラオケ
赤塚,章平,新潟県,上越市,O,チェス,天体観測,アクアリウム,プログラミング,ワイン
木戸,あき,新潟県,上越市,O,イラスト,ラジオ,バレーボール,動物園巡り,音楽ライブ
小山田,亜矢子,新潟県,上越市,O,競馬,楽器演奏,スカッシュ,ボランティア,パワースポット巡り
朝倉,好美,新潟県,上越市,O,ボランティア,ヨガ,天体観測,ジャズ,観葉植物
伊東,杏里,新潟県,上越市,O,トランプ,天体観測,映画鑑賞,洞窟探索,ハンドメイド（ものづくり）
金森,美幸,新潟県,上越市,O,野菜ソムリエ,デッサン,ルービックキューブ,Twitter,イラスト
小野田,春子,新潟県,上越市,O,ガーデニング（園芸）,カラオケ,キックボクシング,パワースポット巡り,カービング
田畑,昭一,新潟県,上越市,O,ゴルフ,カフェ巡り,オセロ,水族館巡り,外国語（中国語・フランス語・英会話）
本山,正勝,新潟県,上越市,O,ラジオ,美術館巡り,サバゲー,野菜ソムリエ,アイドル
神野,友一,新潟県,上越市,O,ペット,インスタ,パワースポット巡り,トレーディングカードゲーム,動物園巡り
大畑,幸春,新潟県,上越市,O,瞑想,天体観測,コスプレ,ラジオ,ガーデニング（園芸）
金沢,莉紗,新潟県,上越市,O,トライアスロン,ボルダリング,ボルダリング,カフェ巡り,寺巡り
安斎,瑛都,新潟県,上越市,O,クロスバイク,書道（習字）,パワースポット巡り,美術館巡り,パン作り
川嶋,力雄,新潟県,上越市,O,美術館巡り,カフェ巡り,トランプ,パチンコ,カラオケ
西尾,幸恵,新潟県,上越市,O,音楽ライブ,スカッシュ,俳句・川柳,洞窟探索,筋トレ
中谷,瑠夏,新潟県,上越市,O,ボルダリング,天体観測,トランプ,インテリア,デッサン
渡部,蘭,新潟県,上越市,O,カラオケ,野菜ソムリエ,食べ歩き,野球,離島巡り
岩永,慶二,新潟県,上越市,O,音楽ライブ,天体観測,野菜ソムリエ,カフェ巡り,パワースポット巡り
今田,沙希,新潟県,上越市,O,掃除,コスプレ,野菜ソムリエ,登山,イラスト
染谷,汐里,新潟県,上越市,O,野菜ソムリエ,歌舞伎,離島巡り,ボードゲーム,ネットサーフィン
中田,寛治,新潟県,上越市,O,釣り,パワースポット巡り,カメラ,トランプ,カラオケ
広田,啓三,新潟県,上越市,O,インスタ,ネットサーフィン,野菜ソムリエ,ボードゲーム,ラーメン
金谷,真吾,新潟県,上越市,O,ビリヤード,野菜ソムリエ,離島巡り,切り絵,ブログ
守屋,綾菜,新潟県,上越市,O,インスタ,利き酒,野菜ソムリエ,漫画,登山
山田,大,新潟県,上越市,O,キャンプ,サバゲー,パワースポット巡り,掃除,海
古賀,香菜,新潟県,上越市,O,ファッション,瞑想,釣り,野菜ソムリエ,タイピング
守屋,康治,新潟県,上越市,O,楽器演奏,パワースポット巡り,バー巡り,アイドル,イラスト
岩城,泰彦,新潟県,上越市,O,カフェ巡り,フットサル（サッカー）,テレビゲーム,瞑想,散歩
伴,はるみ,新潟県,上越市,O,折り紙,彫刻,タイピング,野菜ソムリエ,パチンコ
佐々木,奈保子,新潟県,上越市,O,掃除,将棋,タイピング,ワイン,カフェ巡り
江原,峰雄,新潟県,上越市,O,音楽ライブ,カラーセラピー,パチンコ,ボードゲーム,サーフィン
川西,佳音,新潟県,上越市,O,ワイン,将棋,カービング,マジック,カフェ巡り
川野,治,新潟県,上越市,O,パワースポット巡り,掃除,俳句・川柳,DIY,DIY
浅沼,達士,新潟県,上越市,O,ハンドメイド（ものづくり）,イラスト,温泉巡り,インテリア,天体観測
今西,伊緒,新潟県,上越市,O,食べ歩き,カラオケ,天体観測,ファッション,利き酒
野原,愛華,新潟県,上越市,O,カフェ巡り,ダンス,ペット,ダンス,水族館巡り
飛田,紗良,新潟県,上越市,O,ドライブ,温泉巡り,食べ歩き,燻製づくり,天体観測
寺島,麻理,新潟県,上越市,O,博物館巡り,カフェ巡り,占い,折り紙,似顔絵
久野,陽介,新潟県,上越市,O,カフェ巡り,漫画,フットサル（サッカー）,登山,タイピング
竹下,亜沙美,新潟県,上越市,O,外国語（中国語・フランス語・英会話）,カフェ巡り,パワースポット巡り,インテリア,離島巡り
大沼,広幸,新潟県,上越市,O,ボードゲーム,パチンコ,折り紙,筋トレ,天体観測
稲田,祥子,新潟県,上越市,O,グルメ,ビリヤード,切り絵,カメラ,野菜ソムリエ
荒井,雅樹,新潟県,上越市,O,ジャズ,ビリヤード,天体観測,イラスト,サーフィン
安藤,拓哉,新潟県,上越市,O,美術館巡り,キャンプ,パワースポット巡り,瞑想,サーフィン
西谷,航太郎,新潟県,上越市,O,競馬,ダンス,温泉巡り,プログラミング,天体観測
大沼,佳乃,新潟県,上越市,O,映画鑑賞,切り絵,チェス,カフェ巡り,筋トレ
藤崎,郁美,新潟県,上越市,O,囲碁,デッサン,ボルダリング,パワースポット巡り,寺巡り
パンツェッタ,将也,新潟県,上越市,O,似顔絵,バレーボール,切り絵,チェス,パワースポット巡り
正木,実結,新潟県,上越市,O,野菜ソムリエ,ネットサーフィン,DIY,散歩,似顔絵
荒木,清治,新潟県,上越市,O,野菜ソムリエ,占い,バスケットボール,キックボクシング,トレーディングカードゲーム
本山,愛子,新潟県,上越市,O,洞窟探索,イラスト,音楽ライブ,占い,離島巡り
沢,英紀,新潟県,上越市,O,テレビゲーム,カフェ巡り,マジック,オセロ,バー巡り
芳賀,伊都子,新潟県,上越市,O,水族館巡り,掃除,カフェ巡り,ボランティア,ダーツ
浅川,直,新潟県,上越市,O,ネットサーフィン,博物館巡り,トランプ,洞窟探索,音楽ライブ
大関,尚夫,新潟県,上越市,O,書道（習字）,歌舞伎,野菜ソムリエ,チェス,ビリヤード
長田,舞花,新潟県,上越市,O,インスタ,ラジオ,マジック,パワースポット巡り,天体観測
小栗,千恵子,新潟県,上越市,O,観葉植物,マジック,パチンコ,オセロ,野菜ソムリエ
横溝,沙希,新潟県,上越市,O,カービング,ジャズ,スマホゲーム,カフェ巡り,博物館巡り
町田,莉那,新潟県,上越市,O,ブログ,カフェ巡り,洞窟探索,書道（習字）,離島巡り
柿崎,武志,新潟県,上越市,O,野菜ソムリエ,スカッシュ,デッサン,ハンドメイド（ものづくり）,タイピング
笹本,隆二,新潟県,上越市,O,野菜ソムリエ,ワイン,パワースポット巡り,ゴルフ,サーフィン
宮原,由太郎,新潟県,上越市,O,音楽ライブ,登山,バレーボール,ペット,映画鑑賞
島崎,勧玄,新潟県,上越市,O,イラスト,野菜ソムリエ,料理,アニメ,クロスバイク
伊沢,妃奈,新潟県,上越市,O,マジック,ダンス,音楽ライブ,温泉巡り,ボルダリング
大野,美晴,新潟県,上越市,O,プログラミング,テレビゲーム,彫刻,ドローン,音楽ライブ
南,惇,新潟県,上越市,O,博物館巡り,カメラ,音楽ライブ,ボルダリング,温泉巡り
持田,真依,新潟県,上越市,O,利き酒,ルービックキューブ,アニメ,野菜ソムリエ,イラスト
稲垣,雅雄,新潟県,上越市,O,カフェ巡り,料理,利き酒,サーフィン,切り絵
今村,由姫,新潟県,上越市,O,掃除,歌舞伎,プラモデル,天体観測,ジャズ
早坂,欧子,新潟県,上越市,O,音楽ライブ,DIY,チェス,DIY,トランプ
大場,光成,新潟県,上越市,O,ゴルフ,映画鑑賞,掃除,ガーデニング（園芸）,天体観測
岡村,紗希,新潟県,上越市,O,グルメ,プログラミング,散歩,ルービックキューブ,天体観測
仲野,涼子,新潟県,上越市,O,ゴルフ,アロマテラピー,歌舞伎,野菜ソムリエ,折り紙
首藤,涼花,新潟県,上越市,O,サバゲー,音楽ライブ,ブログ,DIY,カフェ巡り
碓井,司,新潟県,上越市,O,折り紙,バー巡り,天体観測,食べ歩き,アクアリウム
谷川,英三,新潟県,上越市,O,パワースポット巡り,カラオケ,プラモデル,フットサル（サッカー）,パチンコ
神田,雪奈,新潟県,上越市,O,利き酒,カメラ,野菜ソムリエ,音楽ライブ,動物園巡り
大平,俊男,新潟県,上越市,O,野菜ソムリエ,温泉巡り,料理,マジック,ガーデニング（園芸）
志田,茉莉,新潟県,上越市,O,アニメ,天体観測,野菜ソムリエ,ボードゲーム,アニメ
沖,貞男,新潟県,上越市,O,キャンプ,カフェ巡り,ボードゲーム,グルメ,パワースポット巡り
増田,孝司,新潟県,上越市,O,似顔絵,野菜ソムリエ,掃除,カフェ巡り,動物園巡り
木戸,正吾,新潟県,上越市,O,占い,サバゲー,グルメ,ラジオ,音楽ライブ
安部,一恵,新潟県,上越市,O,カフェ巡り,パワースポット巡り,音楽ライブ,天体観測,野菜ソムリエ
阿部,大輔,新潟県,上越市,O,ドライブ,野菜ソムリエ,ラジオ,バレーボール,掃除
村井,政昭,新潟県,上越市,O,ワイン,ビリヤード,折り紙,ファッション,天体観測
名取,凛子,新潟県,上越市,O,楽器演奏,野菜ソムリエ,イラスト,掃除,野菜ソムリエ
和泉,正次,新潟県,上越市,O,カメラ,瞑想,カービング,ラジオ,野菜ソムリエ
梅津,邦久,新潟県,上越市,O,野球,占い,カフェ巡り,DIY,散歩
長崎,璃奈子,新潟県,上越市,O,バスケットボール,バレーボール,チェス,天体観測,ガーデニング（園芸）
西島,雄二,新潟県,上越市,O,カービング,アクアリウム,Twitter,博物館巡り,カフェ巡り
三枝,佐和,新潟県,上越市,O,プログラミング,パワースポット巡り,ハンドメイド（ものづくり）,コスプレ,トランプ
田口,絢音,新潟県,上越市,O,天体観測,ランニング（ジョギング）,インスタ,燻製づくり,掃除
大森,六郎,新潟県,上越市,O,パワースポット巡り,競馬,プログラミング,テレビゲーム,博物館巡り
小松,孝宏,新潟県,上越市,O,アクアリウム,カフェ巡り,カラオケ,ネットサーフィン,ボードゲーム
南田,日菜乃,新潟県,上越市,O,デッサン,観葉植物,筋トレ,サーフィン,カフェ巡り
飯田,貞治,新潟県,上越市,O,パワースポット巡り,登山,ルービックキューブ,筋トレ,映画鑑賞
大木,愛音,新潟県,上越市,O,トライアスロン,野菜ソムリエ,トレーディングカードゲーム,釣り,トライアスロン
大石,未夕,新潟県,上越市,O,キックボクシング,ゴルフ,ラーメン,天体観測,動物園巡り
北川,雅,新潟県,上越市,O,散歩,水族館巡り,漫画,コスプレ,カフェ巡り
加藤,小雪,新潟県,上越市,O,燻製づくり,天体観測,彫刻,サバゲー,似顔絵
千葉,好子,新潟県,上越市,O,インスタ,天体観測,囲碁,カメラ,動物園巡り
志賀,勝也,新潟県,上越市,O,天体観測,ダンス,離島巡り,海,ジャズ
岩本,凛乃,新潟県,上越市,O,ファッション,天体観測,野菜ソムリエ,ジャズ,掃除
大久保,謙治,新潟県,上越市,O,キックボクシング,カフェ巡り,カメラ,ジャズ,博物館巡り
石原,日向,新潟県,上越市,O,ラジオ,音楽ライブ,オセロ,野球,ラーメン
木村,楓花,新潟県,上越市,O,囲碁,カフェ巡り,観葉植物,ダンス,サバゲー
三浦,大造,新潟県,上越市,O,映画鑑賞,観葉植物,ラジオ,野菜ソムリエ,ラジオ
奥,佳奈子,新潟県,上越市,O,パワースポット巡り,アニメ,ルービックキューブ,ジャズ,ダーツ
塩沢,七美,新潟県,上越市,O,アイドル,ハンドメイド（ものづくり）,タイピング,天体観測,グルメ
長友,三省,新潟県,上越市,O,パワースポット巡り,音楽ライブ,天体観測,野菜ソムリエ,カフェ巡り
大畑,帆花,新潟県,上越市,O,天体観測,ランニング（ジョギング）,掃除,カメラ,ランニング（ジョギング）
平川,正美,新潟県,上越市,O,離島巡り,カメラ,天体観測,トレーディングカードゲーム,美術館巡り
星野,徳三郎,新潟県,上越市,O,音楽ライブ,野菜ソムリエ,ボルダリング,食べ歩き,バイク
春日,信子,新潟県,上越市,O,映画鑑賞,パン作り,野菜ソムリエ,占い,温泉巡り
土居,春菜,新潟県,上越市,O,カラーセラピー,ヨガ,カフェ巡り,バスケットボール,ガーデニング（園芸）
亀井,一徹,新潟県,上越市,O,プログラミング,温泉巡り,野菜ソムリエ,カメラ,アクアリウム
亀田,茉央,新潟県,上越市,O,ペット,ドライブ,スカッシュ,パワースポット巡り,バレーボール
中沢,真美,新潟県,上越市,O,博物館巡り,瞑想,パワースポット巡り,動物園巡り,ボードゲーム
松永,完治,新潟県,上越市,O,競馬,パン作り,カフェ巡り,トライアスロン,チェス
安原,莉沙,新潟県,上越市,O,野球,サバゲー,音楽ライブ,アニメ,パワースポット巡り
竹下,憲一,新潟県,上越市,O,観葉植物,音楽ライブ,スポーツ観戦,動物園巡り,ゴルフ
榊原,美千代,新潟県,上越市,O,音楽ライブ,ビリヤード,アクアリウム,キックボクシング,ワイン
三谷,千咲,新潟県,上越市,O,野菜ソムリエ,アイドル,スカッシュ,ランニング（ジョギング）,ドローン
菅原,琴美,新潟県,上越市,O,書道（習字）,ダーツ,天体観測,書道（習字）,パワースポット巡り
冨永,武史,新潟県,上越市,O,海,燻製づくり,カフェ巡り,コスプレ,プラモデル
谷本,由紀子,新潟県,上越市,O,水族館巡り,釣り,フットサル（サッカー）,アニメ,野菜ソムリエ
上杉,政昭,新潟県,上越市,O,ラジオ,ファッション,キャンプ,楽器演奏,音楽ライブ
今川,博昭,新潟県,上越市,O,クロスバイク,DIY,折り紙,スポーツ観戦,天体観測
滝沢,咲希,新潟県,上越市,O,漫画,Twitter,観葉植物,ビリヤード,天体観測
山本,由良,新潟県,上越市,O,離島巡り,アロマテラピー,DIY,野菜ソムリエ,ビリヤード
細田,奈々,新潟県,上越市,O,スポーツ観戦,散歩,温泉巡り,音楽ライブ,タイピング
中井,豊,新潟県,上越市,O,パワースポット巡り,ワイン,ドローン,囲碁,美術館巡り
国分,晴輝,新潟県,上越市,O,洞窟探索,カメラ,ドローン,ジャズ,野菜ソムリエ
芳賀,麗華,新潟県,上越市,O,ガーデニング（園芸）,ボランティア,燻製づくり,離島巡り,野菜ソムリエ
石黒,勝義,新潟県,上越市,O,天体観測,ペット,彫刻,ペット,サバゲー
杉原,美菜,新潟県,上越市,O,DIY,音楽ライブ,ヨガ,ダーツ,ドライブ
風間,照,新潟県,上越市,O,カフェ巡り,歌舞伎,フットサル（サッカー）,タイピング,占い
今野,咲,新潟県,上越市,O,ビリヤード,パワースポット巡り,ビリヤード,カメラ,ダーツ
大平,光,新潟県,上越市,O,天体観測,動物園巡り,掃除,パワースポット巡り,タイピング
田川,健治,新潟県,上越市,O,ジャズ,クロスバイク,登山,ドローン,音楽ライブ
矢島,礼子,新潟県,上越市,O,外国語（中国語・フランス語・英会話）,フットサル（サッカー）,アロマテラピー,観葉植物,カフェ巡り
安川,花音,新潟県,上越市,O,外国語（中国語・フランス語・英会話）,カメラ,歌舞伎,アイドル,パワースポット巡り
塚田,瑞稀,新潟県,上越市,O,インスタ,楽器演奏,音楽ライブ,将棋,ガーデニング（園芸）
藤川,彩香,新潟県,上越市,O,カフェ巡り,Twitter,カービング,博物館巡り,カフェ巡り
白鳥,茂,新潟県,上越市,O,パワースポット巡り,観葉植物,インテリア,書道（習字）,歌舞伎
出口,善四郎,新潟県,上越市,O,トレーディングカードゲーム,カービング,ラーメン,野菜ソムリエ,囲碁
藤本,孝太郎,新潟県,上越市,O,彫刻,トライアスロン,天体観測,アイドル,バー巡り
落合,勝夫,新潟県,上越市,O,音楽ライブ,デッサン,温泉巡り,俳句・川柳,デッサン
竹下,結依,新潟県,上越市,O,利き酒,料理,トレーディングカードゲーム,カフェ巡り,サバゲー
若山,精児,新潟県,上越市,O,ダンス,バー巡り,ランニング（ジョギング）,音楽ライブ,バー巡り
米田,心音,新潟県,上越市,O,ドローン,カフェ巡り,ワイン,掃除,書道（習字）
阿部,佑奈,新潟県,上越市,O,カフェ巡り,ランニング（ジョギング）,プログラミング,ブログ,ジャズ
金谷,碧海,新潟県,上越市,O,ボランティア,料理,パワースポット巡り,漫画,インスタ
矢吹,和明,新潟県,上越市,O,カフェ巡り,サバゲー,ドライブ,ボードゲーム,ヨガ
遠山,和美,新潟県,上越市,O,占い,パワースポット巡り,料理,カラーセラピー,ランニング（ジョギング）
大西,金作,新潟県,上越市,O,スポーツ観戦,野菜ソムリエ,フットサル（サッカー）,切り絵,天体観測
小野田,健吉,新潟県,上越市,O,マジック,バレーボール,オセロ,カフェ巡り,トライアスロン
岩下,和裕,新潟県,上越市,O,カービング,カフェ巡り,カラオケ,ワイン,ルービックキューブ
若林,星亜,新潟県,上越市,O,観葉植物,彫刻,漫画,音楽ライブ,ジャズ
松永,英彦,新潟県,上越市,O,書道（習字）,ジャズ,利き酒,パワースポット巡り,プラモデル
松田,杏紗,新潟県,上越市,O,キャンプ,カフェ巡り,ラジオ,トランプ,ファッション
岡村,康夫,新潟県,上越市,O,パワースポット巡り,ダンス,フットサル（サッカー）,ダーツ,コスプレ
大江,美鈴,新潟県,上越市,O,釣り,釣り,オセロ,パン作り,パワースポット巡り
細川,麻友,新潟県,上越市,O,離島巡り,ブログ,洞窟探索,音楽ライブ,動物園巡り
篠田,邦仁,新潟県,上越市,O,観葉植物,パワースポット巡り,漫画,楽器演奏,コスプレ
平野,嘉之,新潟県,上越市,O,カラオケ,ガーデニング（園芸）,ビリヤード,散歩,野菜ソムリエ
川口,友美,新潟県,上越市,O,パワースポット巡り,折り紙,バスケットボール,ペット,利き酒
安斎,麗華,新潟県,上越市,O,野菜ソムリエ,利き酒,登山,バイク,バイク
芦田,雫,新潟県,上越市,O,チェス,天体観測,海,トランプ,トランプ
北条,梓聖,新潟県,上越市,O,インテリア,寺巡り,アニメ,バスケットボール,パワースポット巡り
平松,定雄,新潟県,上越市,O,音楽ライブ,寺巡り,ペット,映画鑑賞,サバゲー
長谷,美奈代,新潟県,上越市,O,占い,パワースポット巡り,ワイン,ビリヤード,スマホゲーム
荻野,加奈子,新潟県,上越市,O,テレビゲーム,バー巡り,スポーツ観戦,パン作り,カフェ巡り
白井,麻友,新潟県,上越市,O,パワースポット巡り,楽器演奏,クロスバイク,折り紙,パワースポット巡り
北,和茂,新潟県,上越市,O,音楽ライブ,ランニング（ジョギング）,キャンプ,掃除,Twitter
亀山,大輝,新潟県,上越市,O,カフェ巡り,カービング,ブログ,寺巡り,ボードゲーム
諸星,進一,新潟県,上越市,O,ハンドメイド（ものづくり）,天体観測,動物園巡り,デッサン,パワースポット巡り
松崎,喜代治,新潟県,上越市,O,野菜ソムリエ,テレビゲーム,イラスト,外国語（中国語・フランス語・英会話）,洞窟探索
中本,英彦,新潟県,上越市,O,映画鑑賞,海,インスタ,歌舞伎,野菜ソムリエ
小西,孝司,新潟県,上越市,O,ラジオ,カフェ巡り,料理,チェス,書道（習字）
福原,孝雄,新潟県,上越市,O,音楽ライブ,テレビゲーム,ボルダリング,ボードゲーム,アクアリウム
長谷部,敏正,新潟県,上越市,O,外国語（中国語・フランス語・英会話）,バスケットボール,美術館巡り,バー巡り,カフェ巡り
田所,綾子,新潟県,上越市,O,オセロ,カラーセラピー,動物園巡り,動物園巡り,パワースポット巡り
秋元,沙織,新潟県,上越市,O,音楽ライブ,サーフィン,利き酒,筋トレ,ボランティア
熊倉,百華,新潟県,上越市,O,カフェ巡り,イラスト,離島巡り,マジック,洞窟探索
棚橋,保之,新潟県,上越市,O,利き酒,切り絵,水族館巡り,ハンドメイド（ものづくり）,パワースポット巡り
土居,恵理子,新潟県,上越市,O,音楽ライブ,漫画,ドライブ,サーフィン,インテリア
柳沢,岩雄,新潟県,上越市,O,音楽ライブ,フットサル（サッカー）,アロマテラピー,似顔絵,プログラミング
佐々木,幹彦,新潟県,上越市,O,ジャズ,彫刻,クロスバイク,ルービックキューブ,天体観測
岡部,雄大,新潟県,上越市,O,パワースポット巡り,音楽ライブ,タイピング,ワイン,インスタ
平賀,法子,新潟県,上越市,O,Twitter,フットサル（サッカー）,テレビゲーム,野菜ソムリエ,ドローン
奥,陳雄,新潟県,上越市,O,筋トレ,サバゲー,野菜ソムリエ,ジャズ,食べ歩き
宮田,進,新潟県,上越市,O,離島巡り,グルメ,釣り,トランプ,天体観測
小菅,浩正,新潟県,上越市,O,アニメ,アクアリウム,カラオケ,音楽ライブ,寺巡り
沖,義孝,新潟県,上越市,O,競馬,Twitter,動物園巡り,パチンコ,カフェ巡り
高島,瞬,新潟県,上越市,O,カフェ巡り,パワースポット巡り,音楽ライブ,天体観測,野菜ソムリエ
石渡,久夫,新潟県,上越市,O,天体観測,ラジオ,アロマテラピー,博物館巡り,利き酒
紺野,采司春,新潟県,上越市,O,マジック,野菜ソムリエ,アロマテラピー,トランプ,歌舞伎
野原,進也,新潟県,上越市,O,DIY,楽器演奏,音楽ライブ,瞑想,洞窟探索
瀬戸,数子,新潟県,上越市,O,ビリヤード,囲碁,グルメ,海,音楽ライブ
東海林,数也,新潟県,上越市,O,温泉巡り,占い,外国語（中国語・フランス語・英会話）,トライアスロン,音楽ライブ
須田,昭雄,新潟県,上越市,O,ゴルフ,音楽ライブ,燻製づくり,瞑想,水族館巡り
横井,清吾,新潟県,上越市,O,音楽ライブ,バスケットボール,ダンス,ランニング（ジョギング）,彫刻
尾崎,清信,新潟県,上越市,O,マジック,パワースポット巡り,ボードゲーム,観葉植物,DIY
富山,紗季,新潟県,上越市,O,釣り,ラーメン,カラオケ,温泉巡り,パワースポット巡り
大島,怜,新潟県,上越市,O,チェス,ジャズ,ジャズ,野菜ソムリエ,ドローン
合田,哲,新潟県,上越市,O,寺巡り,カフェ巡り,チェス,インテリア,釣り
青山,香奈,新潟県,上越市,O,Twitter,ファッション,野菜ソムリエ,バスケットボール,アニメ
大久保,政夫,新潟県,上越市,O,パチンコ,プラモデル,スマホゲーム,天体観測,カメラ
秋山,梨紗,新潟県,上越市,O,料理,ヨガ,囲碁,天体観測,カラーセラピー
神野,敏正,新潟県,上越市,O,天体観測,ネットサーフィン,ゴルフ,瞑想,DIY
勝地,莉沙,新潟県,上越市,O,ガーデニング（園芸）,コスプレ,ビリヤード,カフェ巡り,料理
田畑,謙治,新潟県,上越市,O,カフェ巡り,トランプ,水族館巡り,書道（習字）,ヨガ
酒井,涼,新潟県,上越市,O,ルービックキューブ,ガーデニング（園芸）,天体観測,カラーセラピー,ビリヤード
岩沢,亜依,新潟県,上越市,O,Twitter,グルメ,博物館巡り,カフェ巡り,散歩
田所,そら,新潟県,上越市,O,カメラ,トランプ,フットサル（サッカー）,ヨガ,カフェ巡り
外山,吉彦,新潟県,上越市,O,キャンプ,野菜ソムリエ,トランプ,料理,折り紙
狩野,耕司,新潟県,上越市,O,切り絵,プログラミング,ドライブ,野菜ソムリエ,バー巡り
古賀,玲二,新潟県,上越市,O,将棋,ボルダリング,パワースポット巡り,博物館巡り,スマホゲーム
真野,鈴夏,新潟県,上越市,O,温泉巡り,動物園巡り,競馬,カフェ巡り,似顔絵
三上,圭子,新潟県,上越市,O,囲碁,洞窟探索,プログラミング,ワイン,パワースポット巡り
正木,笑福,新潟県,上越市,O,料理,コスプレ,アロマテラピー,音楽ライブ,水族館巡り
大島,早織,新潟県,上越市,O,野菜ソムリエ,カフェ巡り,パワースポット巡り,音楽ライブ,天体観測
三村,琴美,新潟県,上越市,O,トライアスロン,DIY,アクアリウム,書道（習字）,天体観測
宮野,研二,新潟県,上越市,O,音楽ライブ,パワースポット巡り,カフェ巡り,天体観測,野菜ソムリエ
狩野,容子,新潟県,上越市,O,音楽ライブ,ドライブ,野球,カラーセラピー,観葉植物
下田,浩,新潟県,上越市,O,デッサン,天体観測,トレーディングカードゲーム,似顔絵,オセロ
大谷,美久,新潟県,上越市,O,筋トレ,散歩,カフェ巡り,サバゲー,海
北野,宏江,新潟県,上越市,O,将棋,アクアリウム,ネットサーフィン,カフェ巡り,サーフィン
遠藤,梨子,新潟県,上越市,O,カービング,イラスト,カフェ巡り,登山,ドローン
森本,良雄,新潟県,上越市,O,プログラミング,利き酒,洞窟探索,カフェ巡り,食べ歩き
戸田,香織,新潟県,上越市,O,アロマテラピー,フットサル（サッカー）,パワースポット巡り,トライアスロン,海
三木,栄子,新潟県,上越市,O,ファッション,バー巡り,筋トレ,海,天体観測
成瀬,梨花,新潟県,上越市,O,野菜ソムリエ,競馬,ボードゲーム,ボランティア,デッサン
白木,穂花,新潟県,上越市,O,ドローン,カービング,カフェ巡り,アニメ,ジャズ
井上,茂,新潟県,上越市,O,ファッション,観葉植物,動物園巡り,カフェ巡り,釣り
大沢,雅紹,新潟県,上越市,O,楽器演奏,天体観測,サーフィン,海,ファッション
相川,都希子,新潟県,上越市,O,食べ歩き,ラジオ,燻製づくり,パワースポット巡り,ファッション
渡辺,良平,新潟県,上越市,O,野菜ソムリエ,コスプレ,切り絵,ラーメン,インスタ
岡本,香凛,新潟県,上越市,O,天体観測,スポーツ観戦,スポーツ観戦,カメラ,キックボクシング
宇田川,比奈,新潟県,上越市,O,キャンプ,インテリア,カフェ巡り,天体観測,フットサル（サッカー）
大村,禄郎,新潟県,上越市,O,彫刻,バイク,囲碁,料理,カフェ巡り
小堀,麻里子,新潟県,上越市,O,バレーボール,キックボクシング,野菜ソムリエ,食べ歩き,利き酒
瀬尾,浩寿,新潟県,上越市,O,動物園巡り,切り絵,歌舞伎,パワースポット巡り,食べ歩き
藤原,麗香,新潟県,上越市,O,ファッション,ガーデニング（園芸）,音楽ライブ,掃除,ジャズ
外山,政子,新潟県,上越市,O,掃除,利き酒,DIY,ガーデニング（園芸）,カフェ巡り
武田,和島,新潟県,上越市,O,音楽ライブ,料理,ファッション,ビリヤード,ガーデニング（園芸）
井原,一夫,新潟県,上越市,O,カフェ巡り,書道（習字）,登山,ビリヤード,ブログ
長田,明男,新潟県,上越市,O,野菜ソムリエ,ラジオ,将棋,瞑想,バスケットボール
岩谷,昌也,新潟県,上越市,O,筋トレ,将棋,パチンコ,ハンドメイド（ものづくり）,野菜ソムリエ
鶴岡,敏夫,新潟県,上越市,O,カラーセラピー,瞑想,ダンス,カフェ巡り,サーフィン
益田,愛海,新潟県,上越市,O,漫画,競馬,クロスバイク,カフェ巡り,アイドル
浅田,一義,新潟県,上越市,O,彫刻,ダンス,音楽ライブ,ビリヤード,DIY
岩田,聡,新潟県,上越市,O,コスプレ,音楽ライブ,筋トレ,アロマテラピー,映画鑑賞
清水,峻輝,新潟県,上越市,O,DIY,ルービックキューブ,フットサル（サッカー）,パワースポット巡り,カラーセラピー
柴崎,幸之助,新潟県,上越市,O,音楽ライブ,天体観測,野菜ソムリエ,カフェ巡り,パワースポット巡り
平原,弘恭,新潟県,上越市,O,天体観測,デッサン,バレーボール,ネットサーフィン,ラジオ
寺尾,雄太,新潟県,上越市,O,カラーセラピー,天体観測,ハンドメイド（ものづくり）,プログラミング,ドライブ
板倉,千春,新潟県,上越市,O,ルービックキューブ,ワイン,カフェ巡り,海,ラジオ
千田,栄二,新潟県,上越市,O,将棋,カフェ巡り,ドライブ,チェス,折り紙
笹森,徹子,新潟県,上越市,O,カフェ巡り,ハンドメイド（ものづくり）,漫画,マジック,プログラミング
河村,愛音,新潟県,上越市,O,寺巡り,キャンプ,ペット,野菜ソムリエ,ボードゲーム
大平,次郎,新潟県,上越市,O,ダーツ,俳句・川柳,瞑想,カフェ巡り,ハンドメイド（ものづくり）
高樹,美優,新潟県,上越市,O,温泉巡り,水族館巡り,パン作り,野菜ソムリエ,ボルダリング
古屋,更紗,新潟県,上越市,O,野菜ソムリエ,ファッション,俳句・川柳,グルメ,パワースポット巡り
岩下,舞桜,新潟県,上越市,O,カフェ巡り,カービング,切り絵,サーフィン,似顔絵
松岡,勇一,新潟県,上越市,O,食べ歩き,ドライブ,歌舞伎,パワースポット巡り,カラーセラピー
楠,朱莉,新潟県,上越市,O,筋トレ,観葉植物,水族館巡り,料理,野菜ソムリエ
武田,栄伸,新潟県,上越市,O,カラーセラピー,タイピング,アイドル,カフェ巡り,パン作り
桜井,悦夫,新潟県,上越市,O,カービング,似顔絵,登山,カフェ巡り,瞑想
伴,みあ,新潟県,上越市,O,アクアリウム,ボルダリング,ボードゲーム,天体観測,折り紙
宮内,千里,新潟県,上越市,O,ビリヤード,ルービックキューブ,カメラ,プログラミング,野菜ソムリエ
荒井,初音,新潟県,上越市,O,アニメ,俳句・川柳,音楽ライブ,洞窟探索,離島巡り
三宅,健次郎,新潟県,上越市,O,チェス,アイドル,野菜ソムリエ,音楽ライブ,Twitter
奥山,繁,新潟県,上越市,O,マジック,バー巡り,ペット,音楽ライブ,タイピング
篠崎,菫,新潟県,上越市,O,天体観測,カービング,パチンコ,料理,トレーディングカードゲーム
木戸,智之,新潟県,上越市,O,カービング,テレビゲーム,パワースポット巡り,スカッシュ,競馬
仲田,好子,新潟県,上越市,O,歌舞伎,囲碁,パワースポット巡り,水族館巡り,外国語（中国語・フランス語・英会話）
斎藤,克子,新潟県,上越市,O,音楽ライブ,ファッション,外国語（中国語・フランス語・英会話）,タイピング,フットサル（サッカー）
森脇,蒼依,新潟県,上越市,O,イラスト,音楽ライブ,折り紙,ダーツ,洞窟探索
赤木,茂雄,新潟県,上越市,O,観葉植物,バスケットボール,サバゲー,将棋,カフェ巡り
荒井,彩,新潟県,上越市,O,天体観測,野菜ソムリエ,カフェ巡り,パワースポット巡り,音楽ライブ
脇田,照男,新潟県,上越市,O,天体観測,サバゲー,スポーツ観戦,キックボクシング,スマホゲーム
高津,明憲,新潟県,上越市,O,サーフィン,キャンプ,カフェ巡り,彫刻,ボードゲーム
入江,聡子,新潟県,上越市,O,筋トレ,パチンコ,天体観測,ダーツ,プログラミング
石渡,棟上,新潟県,上越市,O,ネットサーフィン,アイドル,ジャズ,グルメ,カフェ巡り
西島,凛子,新潟県,上越市,O,DIY,キャンプ,ジャズ,DIY,パワースポット巡り
小口,秋雄,新潟県,上越市,O,離島巡り,インテリア,似顔絵,コスプレ,天体観測
神戸,順風,新潟県,上越市,O,囲碁,DIY,Twitter,パワースポット巡り,スポーツ観戦
高原,愛羽,新潟県,上越市,O,カラーセラピー,筋トレ,野菜ソムリエ,釣り,バスケットボール
平尾,麗香,新潟県,上越市,O,利き酒,燻製づくり,キックボクシング,水族館巡り,カフェ巡り
野田,亜美,新潟県,上越市,O,ボルダリング,ペット,パワースポット巡り,切り絵,囲碁
平田,浩寿,新潟県,上越市,O,アニメ,競馬,パワースポット巡り,競馬,マジック
馬場,郁子,新潟県,上越市,O,デッサン,野菜ソムリエ,ビリヤード,映画鑑賞,ビリヤード
大沢,りえ,新潟県,上越市,O,音楽ライブ,天体観測,野菜ソムリエ,カフェ巡り,パワースポット巡り
青木,竜雄,新潟県,上越市,O,水族館巡り,オセロ,カフェ巡り,タイピング,チェス
横川,栞,新潟県,上越市,O,サーフィン,デッサン,天体観測,散歩,ビリヤード
矢野,勇二,新潟県,上越市,O,カフェ巡り,アイドル,ヨガ,プログラミング,タイピング
児島,恵子,新潟県,上越市,O,音楽ライブ,天体観測,野菜ソムリエ,カフェ巡り,パワースポット巡り
鶴田,璃音,新潟県,上越市,O,野菜ソムリエ,美術館巡り,博物館巡り,天体観測,美術館巡り
水野,杏,新潟県,上越市,O,音楽ライブ,ファッション,オセロ,バイク,ワイン
水田,龍也,新潟県,上越市,O,野菜ソムリエ,プログラミング,インスタ,ガーデニング（園芸）,ラーメン
西尾,梨紗,新潟県,上越市,O,散歩,野菜ソムリエ,ワイン,散歩,ラーメン
金城,舞子,新潟県,上越市,O,アニメ,料理,ボランティア,トレーディングカードゲーム,パワースポット巡り
岩永,知代,新潟県,上越市,O,登山,プラモデル,ハンドメイド（ものづくり）,野菜ソムリエ,カラーセラピー
松本,進也,新潟県,上越市,O,タイピング,ガーデニング（園芸）,音楽ライブ,折り紙,パチンコ
倉持,有紀,新潟県,上越市,O,野菜ソムリエ,似顔絵,スポーツ観戦,野菜ソムリエ,コスプレ
戸塚,重治,新潟県,上越市,O,ボルダリング,天体観測,楽器演奏,オセロ,カラーセラピー
手島,陽華,新潟県,上越市,O,カラーセラピー,漫画,コスプレ,寺巡り,パワースポット巡り
寺西,愛理,新潟県,上越市,O,温泉巡り,サーフィン,野菜ソムリエ,グルメ,囲碁
大滝,裕之,新潟県,上越市,O,ランニング（ジョギング）,ネットサーフィン,パワースポット巡り,ボードゲーム,カフェ巡り
吹越,景子,新潟県,上越市,O,プログラミング,ペット,チェス,プラモデル,カフェ巡り
富永,政春,新潟県,上越市,O,折り紙,散歩,バスケットボール,ダンス,野菜ソムリエ
高柳,清助,新潟県,上越市,O,天体観測,ハンドメイド（ものづくり）,ハンドメイド（ものづくり）,海,ネットサーフィン
高倉,百恵,新潟県,上越市,O,音楽ライブ,パン作り,ガーデニング（園芸）,天体観測,野球
猪股,幹男,新潟県,上越市,O,離島巡り,野菜ソムリエ,バレーボール,トレーディングカードゲーム,離島巡り
安井,修三,新潟県,上越市,O,野菜ソムリエ,カフェ巡り,釣り,デッサン,楽器演奏
倉本,敬二,新潟県,上越市,O,プラモデル,散歩,音楽ライブ,プログラミング,音楽ライブ
新保,悦夫,新潟県,上越市,O,ボランティア,博物館巡り,パワースポット巡り,寺巡り,離島巡り
川井,蒼裕,新潟県,上越市,O,音楽ライブ,ルービックキューブ,コスプレ,ボルダリング,天体観測
小森,莉奈,新潟県,上越市,O,切り絵,楽器演奏,アクアリウム,パワースポット巡り,離島巡り
有田,徹,新潟県,上越市,O,インスタ,ガーデニング（園芸）,料理,折り紙,カフェ巡り
広田,泰佑,新潟県,上越市,O,インスタ,書道（習字）,ビリヤード,天体観測,DIY
古田,利之,新潟県,上越市,O,パワースポット巡り,将棋,スカッシュ,占い,スポーツ観戦
水崎,美紀,新潟県,上越市,O,バー巡り,カフェ巡り,音楽ライブ,占い,ルービックキューブ
矢吹,茂雄,新潟県,上越市,O,フットサル（サッカー）,バー巡り,競馬,パワースポット巡り,瞑想
藤野,年子,新潟県,上越市,O,パワースポット巡り,Twitter,漫画,折り紙,カメラ
関口,景子,新潟県,上越市,O,音楽ライブ,野球,海,利き酒,離島巡り
坂,修司,新潟県,上越市,O,クロスバイク,ルービックキューブ,筋トレ,漫画,音楽ライブ
浅沼,円,新潟県,上越市,O,映画鑑賞,野菜ソムリエ,利き酒,フットサル（サッカー）,博物館巡り
浅野,香奈,新潟県,上越市,O,プログラミング,デッサン,野菜ソムリエ,サーフィン,歌舞伎
日比野,竹次郎,新潟県,上越市,O,Twitter,カフェ巡り,美術館巡り,プラモデル,アニメ
上野,麻由子,新潟県,上越市,O,野菜ソムリエ,テレビゲーム,カービング,パチンコ,ランニング（ジョギング）
長谷,裕子,新潟県,上越市,O,ハンドメイド（ものづくり）,ジャズ,ハンドメイド（ものづくり）,野菜ソムリエ,アクアリウム
赤松,英人,新潟県,上越市,O,掃除,似顔絵,音楽ライブ,ランニング（ジョギング）,バー巡り
飯島,奈央,新潟県,上越市,O,歌舞伎,天体観測,カフェ巡り,カラーセラピー,洞窟探索
谷口,晃司,新潟県,上越市,O,野菜ソムリエ,カフェ巡り,パワースポット巡り,音楽ライブ,天体観測
大貫,敏仁,新潟県,上越市,O,パワースポット巡り,離島巡り,バー巡り,ボードゲーム,海
石塚,康男,新潟県,上越市,O,水族館巡り,パワースポット巡り,離島巡り,ハンドメイド（ものづくり）,バスケットボール
北村,千鶴,新潟県,上越市,O,パワースポット巡り,楽器演奏,サバゲー,博物館巡り,パワースポット巡り
中里,卓,新潟県,上越市,O,釣り,カラオケ,チェス,カフェ巡り,俳句・川柳
大倉,凛乃,新潟県,上越市,O,食べ歩き,トライアスロン,離島巡り,カービング,天体観測
渥美,琴葉,新潟県,上越市,O,ジャズ,楽器演奏,ドローン,バレーボール,野菜ソムリエ
斉藤,啓三,新潟県,上越市,O,ダーツ,パワースポット巡り,映画鑑賞,ジャズ,ガーデニング（園芸）
真田,陽夏人,新潟県,上越市,O,俳句・川柳,音楽ライブ,アクアリウム,フットサル（サッカー）,ペット
笠原,耕平,新潟県,上越市,O,ラーメン,水族館巡り,似顔絵,インテリア,カフェ巡り
花井,匡弘,新潟県,上越市,O,ダンス,釣り,キックボクシング,カフェ巡り,プラモデル
岩井,七世,新潟県,上越市,O,天体観測,オセロ,ハンドメイド（ものづくり）,アニメ,寺巡り
横川,健志,新潟県,上越市,O,天体観測,プログラミング,サバゲー,俳句・川柳,料理
川合,貞子,新潟県,上越市,O,ワイン,トライアスロン,デッサン,彫刻,天体観測
秋田,清二,新潟県,上越市,O,占い,ボルダリング,ブログ,音楽ライブ,ボードゲーム
畠中,凛乃,新潟県,上越市,O,アニメ,釣り,音楽ライブ,キックボクシング,寺巡り
大沢,太朗,新潟県,上越市,O,ラジオ,チェス,カフェ巡り,Twitter,切り絵
秋葉,梨紗,新潟県,上越市,O,イラスト,ランニング（ジョギング）,オセロ,サバゲー,カフェ巡り
川村,司,新潟県,上越市,O,ラジオ,パワースポット巡り,ペット,ワイン,俳句・川柳
高野,里桜,新潟県,上越市,O,音楽ライブ,天体観測,野菜ソムリエ,カフェ巡り,パワースポット巡り
高崎,邦子,新潟県,上越市,O,プラモデル,タイピング,スカッシュ,野菜ソムリエ,外国語（中国語・フランス語・英会話）
江原,真生,新潟県,上越市,O,インテリア,カフェ巡り,料理,洞窟探索,ハンドメイド（ものづくり）
前島,楓花,新潟県,上越市,O,カフェ巡り,ダーツ,ビリヤード,競馬,ランニング（ジョギング）
東,孝義,新潟県,上越市,O,ゴルフ,競馬,ビリヤード,漫画,音楽ライブ
米倉,遥華,新潟県,上越市,O,野菜ソムリエ,スマホゲーム,登山,切り絵,ダーツ
梅原,星桜,新潟県,上越市,O,寺巡り,瞑想,釣り,パワースポット巡り,インスタ
松木,紗羅,新潟県,上越市,O,俳句・川柳,トライアスロン,アロマテラピー,パワースポット巡り,コスプレ
西野,ヒロ,新潟県,上越市,O,バレーボール,ラジオ,音楽ライブ,ガーデニング（園芸）,漫画
曽根,満里奈,新潟県,上越市,O,サバゲー,ルービックキューブ,カフェ巡り,ジャズ,プラモデル
稲葉,りえ,新潟県,上越市,O,天体観測,競馬,トランプ,釣り,カメラ
今川,玲二,新潟県,上越市,O,野菜ソムリエ,音楽ライブ,バレーボール,食べ歩き,バー巡り
野呂,直人,新潟県,上越市,O,博物館巡り,カフェ巡り,アロマテラピー,ゴルフ,タイピング
秋田,武久,新潟県,上越市,O,ルービックキューブ,洞窟探索,トランプ,パワースポット巡り,外国語（中国語・フランス語・英会話）
足立,正雄,新潟県,上越市,O,マジック,アロマテラピー,歌舞伎,ボルダリング,天体観測
黒川,詩織,新潟県,上越市,O,似顔絵,占い,燻製づくり,音楽ライブ,ラーメン
青木,正雄,新潟県,上越市,O,天体観測,楽器演奏,離島巡り,プログラミング,ファッション
村瀬,民雄,新潟県,上越市,O,天体観測,ジャズ,ドライブ,ペット,トライアスロン
海老原,文隆,新潟県,上越市,O,楽器演奏,トレーディングカードゲーム,囲碁,筋トレ,音楽ライブ
平尾,清三,新潟県,上越市,O,美術館巡り,カフェ巡り,競馬,フットサル（サッカー）,燻製づくり
篠原,沙也香,新潟県,上越市,O,マジック,ラジオ,書道（習字）,カフェ巡り,囲碁
白石,竜夫,新潟県,上越市,O,パワースポット巡り,ネットサーフィン,DIY,海,洞窟探索
白木,美結,新潟県,上越市,O,パワースポット巡り,ゴルフ,コスプレ,博物館巡り,バー巡り
岩沢,麗奈,新潟県,上越市,O,離島巡り,タイピング,寺巡り,コスプレ,パワースポット巡り
妹尾,勝義,新潟県,上越市,O,ペット,パワースポット巡り,歌舞伎,ダンス,バスケットボール
吉村,沙織,新潟県,上越市,O,登山,ドローン,野菜ソムリエ,釣り,料理
内野,花歩,新潟県,上越市,O,天体観測,キャンプ,ペット,オセロ,洞窟探索
平尾,藤雄,新潟県,上越市,O,野菜ソムリエ,スカッシュ,グルメ,ペット,天体観測
五味,創葉,新潟県,上越市,O,トレーディングカードゲーム,トランプ,カラーセラピー,料理,音楽ライブ
田渕,基一,新潟県,上越市,O,ブログ,コスプレ,オセロ,カフェ巡り,観葉植物
坪田,芽美,新潟県,上越市,O,美術館巡り,音楽ライブ,アイドル,ランニング（ジョギング）,掃除
大塚,麻美,新潟県,上越市,O,折り紙,パワースポット巡り,競馬,テレビゲーム,釣り
本橋,奈穂,新潟県,上越市,O,バレーボール,DIY,コスプレ,ネットサーフィン,音楽ライブ
北尾,由姫,新潟県,上越市,O,ジャズ,DIY,バイク,カフェ巡り,パン作り
内藤,菜緒,新潟県,上越市,O,天体観測,釣り,ドライブ,マジック,将棋
小倉,悟志,新潟県,上越市,O,天体観測,野菜ソムリエ,カフェ巡り,パワースポット巡り,音楽ライブ
菅井,千代子,新潟県,上越市,O,サバゲー,音楽ライブ,サバゲー,ビリヤード,カラーセラピー
小野,杏,新潟県,上越市,O,音楽ライブ,切り絵,漫画,パワースポット巡り,カラーセラピー
寺沢,良三,新潟県,上越市,O,ヨガ,アクアリウム,音楽ライブ,スポーツ観戦,スカッシュ
小杉,一恵,新潟県,上越市,O,折り紙,カフェ巡り,音楽ライブ,動物園巡り,アイドル
平田,冬萌美,新潟県,上越市,O,野球,音楽ライブ,洞窟探索,スカッシュ,アイドル
金児,小百合,新潟県,上越市,O,パワースポット巡り,観葉植物,ボルダリング,離島巡り,折り紙
前川,怜子,新潟県,上越市,O,野菜ソムリエ,トライアスロン,バー巡り,ガーデニング（園芸）,アニメ
紺野,和馬,新潟県,上越市,O,ボードゲーム,パワースポット巡り,観葉植物,スポーツ観戦,ブログ
甲斐,寛之,新潟県,上越市,O,野菜ソムリエ,アイドル,動物園巡り,ダンス,アニメ
小寺,沙耶,新潟県,上越市,O,ブログ,博物館巡り,天体観測,スカッシュ,パチンコ
佐伯,房子,新潟県,上越市,O,楽器演奏,パワースポット巡り,動物園巡り,フットサル（サッカー）,映画鑑賞
長坂,信男,新潟県,上越市,O,楽器演奏,ドローン,将棋,サーフィン,野菜ソムリエ
越智,麻奈,新潟県,上越市,O,カフェ巡り,切り絵,書道（習字）,タイピング,釣り
大竹,文子,新潟県,上越市,O,カラーセラピー,書道（習字）,ネットサーフィン,コスプレ,パワースポット巡り
立川,真優,新潟県,上越市,O,野菜ソムリエ,アニメ,掃除,カラオケ,ルービックキューブ
中山,璃子,新潟県,上越市,O,観葉植物,アイドル,寺巡り,ボードゲーム,野菜ソムリエ
植松,元夫,新潟県,上越市,O,音楽ライブ,マジック,DIY,トランプ,水族館巡り
今,和香,新潟県,上越市,O,グルメ,アイドル,漫画,音楽ライブ,バイク
落合,康子,新潟県,上越市,O,音楽ライブ,食べ歩き,クロスバイク,観葉植物,カフェ巡り
福地,鈴子,新潟県,上越市,O,インスタ,パワースポット巡り,ボランティア,スマホゲーム,折り紙
大宮,拓也,新潟県,上越市,O,筋トレ,天体観測,博物館巡り,水族館巡り,インスタ
露木,俊治,新潟県,上越市,O,温泉巡り,アニメ,音楽ライブ,似顔絵,チェス
余,ケンイチ,新潟県,上越市,O,バー巡り,バスケットボール,カフェ巡り,DIY,料理
小笠原,尚夫,新潟県,上越市,O,パワースポット巡り,似顔絵,ダンス,カラーセラピー,離島巡り
依田,諭,新潟県,上越市,O,パン作り,音楽ライブ,バレーボール,クロスバイク,タイピング
三谷,まさみ,新潟県,上越市,O,天体観測,観葉植物,彫刻,カービング,バレーボール
今野,昌宏,新潟県,上越市,O,水族館巡り,スマホゲーム,切り絵,野菜ソムリエ,クロスバイク
塩田,清次郎,新潟県,上越市,O,野菜ソムリエ,ボルダリング,ゴルフ,掃除,クロスバイク
吉永,美佐子,新潟県,上越市,O,天体観測,インテリア,音楽ライブ,カラーセラピー,釣り
横川,淳子,新潟県,上越市,O,パワースポット巡り,音楽ライブ,天体観測,野菜ソムリエ,カフェ巡り
戸塚,美幸,新潟県,上越市,O,マジック,スカッシュ,天体観測,掃除,音楽ライブ
橋本,孝利,新潟県,上越市,O,音楽ライブ,観葉植物,外国語（中国語・フランス語・英会話）,ルービックキューブ,利き酒
池本,遥,新潟県,上越市,O,インテリア,食べ歩き,食べ歩き,ルービックキューブ,音楽ライブ
福原,佳奈,新潟県,上越市,O,切り絵,バレーボール,博物館巡り,グルメ,野菜ソムリエ
田川,英男,新潟県,上越市,O,カラオケ,ラジオ,トランプ,パワースポット巡り,キックボクシング
黒沢,薫,新潟県,上越市,O,Twitter,アイドル,ルービックキューブ,アイドル,野菜ソムリエ
橋爪,華子,新潟県,上越市,O,外国語（中国語・フランス語・英会話）,野菜ソムリエ,ボードゲーム,アイドル,アクアリウム
西原,美優,新潟県,上越市,O,切り絵,ドローン,音楽ライブ,プラモデル,観葉植物
関本,信吉,新潟県,上越市,O,カフェ巡り,Twitter,マジック,ボードゲーム,ジャズ
河上,早苗,新潟県,上越市,O,外国語（中国語・フランス語・英会話）,ラジオ,ゴルフ,ペット,音楽ライブ
坂元,彩菜,新潟県,上越市,O,野菜ソムリエ,パン作り,バイク,ジャズ,ワイン
井田,政美,新潟県,上越市,O,インスタ,音楽ライブ,散歩,カラーセラピー,漫画
坪井,謙多郎,新潟県,上越市,O,ヨガ,パワースポット巡り,映画鑑賞,チェス,アクアリウム
高崎,来夢,新潟県,上越市,O,カメラ,デッサン,水族館巡り,デッサン,パワースポット巡り
榊原,顕子,新潟県,上越市,O,離島巡り,コスプレ,書道（習字）,カフェ巡り,アニメ
大森,誠一郎,新潟県,上越市,O,ネットサーフィン,ダンス,バレーボール,音楽ライブ,グルメ
本村,光良,新潟県,上越市,O,アニメ,プログラミング,ルービックキューブ,天体観測,トライアスロン
吉川,知世,新潟県,上越市,O,デッサン,掃除,利き酒,観葉植物,野菜ソムリエ
田端,咲希,新潟県,上越市,O,バスケットボール,パワースポット巡り,タイピング,ハンドメイド（ものづくり）,キックボクシング
市村,賢三,新潟県,上越市,O,書道（習字）,グルメ,音楽ライブ,サーフィン,バスケットボール
落合,真一,新潟県,上越市,O,将棋,カメラ,音楽ライブ,ガーデニング（園芸）,美術館巡り
早美,豊,新潟県,上越市,O,パワースポット巡り,ハンドメイド（ものづくり）,漫画,パワースポット巡り,ドライブ
吉野,薫,新潟県,上越市,O,テレビゲーム,ルービックキューブ,カフェ巡り,博物館巡り,パワースポット巡り
佐々木,竜也,新潟県,上越市,O,天体観測,野菜ソムリエ,カフェ巡り,パワースポット巡り,音楽ライブ
田島,弘子,新潟県,上越市,O,離島巡り,食べ歩き,燻製づくり,野菜ソムリエ,カービング
小野,智花,新潟県,上越市,O,ランニング（ジョギング）,天体観測,バイク,イラスト,デッサン
堀田,春花,新潟県,上越市,O,チェス,野菜ソムリエ,天体観測,ルービックキューブ,音楽ライブ
安部,茜,新潟県,上越市,O,ボルダリング,パワースポット巡り,サバゲー,温泉巡り,Twitter
三浦,裕仁,新潟県,上越市,O,寺巡り,カラーセラピー,DIY,天体観測,洞窟探索
影山,小雁,新潟県,上越市,O,寺巡り,野菜ソムリエ,釣り,ファッション,バイク
野中,弥太郎,新潟県,上越市,O,カメラ,アイドル,寺巡り,パワースポット巡り,歌舞伎
麻生,義美,新潟県,上越市,O,テレビゲーム,散歩,野菜ソムリエ,書道（習字）,寺巡り
宮城,千代乃,新潟県,上越市,O,プログラミング,スカッシュ,イラスト,音楽ライブ,Twitter
南部,重雄,新潟県,上越市,O,タイピング,パチンコ,カフェ巡り,野球,競馬
金沢,次雄,新潟県,上越市,O,ラーメン,チェス,音楽ライブ,書道（習字）,バレーボール
神野,莉緒,新潟県,上越市,O,ボードゲーム,キャンプ,音楽ライブ,野球,カフェ巡り
藤崎,世凪,新潟県,上越市,O,切り絵,カフェ巡り,デッサン,プログラミング,漫画
高嶋,幸彦,新潟県,上越市,O,外国語（中国語・フランス語・英会話）,囲碁,燻製づくり,プログラミング,野菜ソムリエ
磯部,真菜,新潟県,上越市,O,野菜ソムリエ,楽器演奏,ランニング（ジョギング）,似顔絵,バー巡り
小泉,海華,新潟県,上越市,O,タイピング,バスケットボール,カフェ巡り,ダンス,コスプレ
平塚,真澄,新潟県,上越市,O,アクアリウム,カフェ巡り,バスケットボール,インテリア,アロマテラピー
湯浅,良明,新潟県,上越市,O,ブログ,ルービックキューブ,バレーボール,音楽ライブ,博物館巡り
守屋,裕治,新潟県,上越市,O,水族館巡り,イラスト,テレビゲーム,天体観測,競馬
植松,信次,新潟県,上越市,O,バイク,音楽ライブ,アロマテラピー,燻製づくり,クロスバイク
宮崎,紗季,新潟県,上越市,O,カラーセラピー,外国語（中国語・フランス語・英会話）,バイク,音楽ライブ,テレビゲーム
柳,琴葉,新潟県,上越市,O,スカッシュ,パワースポット巡り,タイピング,ボードゲーム,チェス
児島,紗英,新潟県,上越市,O,ドライブ,パワースポット巡り,映画鑑賞,トレーディングカードゲーム,外国語（中国語・フランス語・英会話）
池田,那音,新潟県,上越市,O,俳句・川柳,マジック,ラーメン,カフェ巡り,サーフィン
野原,道子,新潟県,上越市,O,アイドル,カービング,アニメ,インスタ,天体観測
渡部,友香,新潟県,上越市,O,外国語（中国語・フランス語・英会話）,Twitter,天体観測,瞑想,トレーディングカードゲーム
長嶋,唯衣,新潟県,上越市,O,パワースポット巡り,ボルダリング,カラーセラピー,インテリア,サーフィン
矢崎,美玖,新潟県,上越市,O,ラーメン,アクアリウム,ダンス,天体観測,ファッション
井沢,雅功,新潟県,上越市,O,野菜ソムリエ,カフェ巡り,パワースポット巡り,音楽ライブ,天体観測
野沢,欧子,新潟県,上越市,O,スポーツ観戦,漫画,キックボクシング,野菜ソムリエ,ビリヤード
織田,利幸,新潟県,上越市,O,寺巡り,ドライブ,散歩,カフェ巡り,インテリア
森本,孝志,新潟県,上越市,O,離島巡り,ダンス,ペット,音楽ライブ,アイドル
川原,りえ,新潟県,上越市,O,食べ歩き,トレーディングカードゲーム,野菜ソムリエ,ガーデニング（園芸）,洞窟探索
上条,輝男,新潟県,上越市,O,パン作り,デッサン,ラーメン,カフェ巡り,スポーツ観戦
三浦,英実,新潟県,上越市,O,テレビゲーム,野菜ソムリエ,観葉植物,囲碁,燻製づくり
山崎,文康,新潟県,上越市,O,散歩,寺巡り,スマホゲーム,天体観測,海
島袋,喜代,新潟県,上越市,O,俳句・川柳,野菜ソムリエ,ゴルフ,音楽ライブ,サーフィン
吉原,信吾,新潟県,上越市,O,天体観測,野菜ソムリエ,カフェ巡り,パワースポット巡り,音楽ライブ
長嶋,多紀,新潟県,上越市,O,コスプレ,歌舞伎,ボルダリング,音楽ライブ,ゴルフ
柳瀬,萌花,新潟県,上越市,O,料理,アロマテラピー,ペット,カフェ巡り,ドローン
黒木,瞬,新潟県,上越市,O,パワースポット巡り,音楽ライブ,天体観測,野菜ソムリエ,カフェ巡り
萩原,美波,新潟県,上越市,O,パワースポット巡り,フットサル（サッカー）,アイドル,アイドル,占い
橘,徳治,新潟県,上越市,O,掃除,動物園巡り,イラスト,野菜ソムリエ,ジャズ
小川,信幸,新潟県,上越市,O,野菜ソムリエ,キャンプ,サーフィン,カラーセラピー,離島巡り
田中,真希,新潟県,上越市,O,音楽ライブ,天体観測,野菜ソムリエ,カフェ巡り,パワースポット巡り
矢部,美千代,新潟県,上越市,O,ボランティア,ラーメン,スポーツ観戦,ルービックキューブ,パワースポット巡り
唐沢,花乃子,新潟県,上越市,O,野菜ソムリエ,バー巡り,筋トレ,水族館巡り,温泉巡り
梅沢,雅之,新潟県,上越市,O,天体観測,野菜ソムリエ,カフェ巡り,パワースポット巡り,音楽ライブ
高井,幸子,新潟県,上越市,O,ボードゲーム,ガーデニング（園芸）,将棋,カフェ巡り,プログラミング
北原,敏弘,新潟県,上越市,O,サバゲー,チェス,スマホゲーム,パワースポット巡り,観葉植物
三田,怜子,新潟県,上越市,O,野菜ソムリエ,占い,サバゲー,トレーディングカードゲーム,カラオケ
羽田,七菜,新潟県,上越市,O,離島巡り,スポーツ観戦,天体観測,プラモデル,野球
竹下,晴南,新潟県,上越市,O,プラモデル,ダーツ,釣り,カフェ巡り,ネットサーフィン
中岡,直美,新潟県,上越市,O,トライアスロン,ペット,将棋,デッサン,野菜ソムリエ
井川,竜也,新潟県,上越市,O,カフェ巡り,パワースポット巡り,音楽ライブ,天体観測,野菜ソムリエ
江川,誠,新潟県,上越市,O,カービング,折り紙,ワイン,野菜ソムリエ,洞窟探索
杉原,紫,新潟県,上越市,O,ボルダリング,デッサン,パワースポット巡り,フットサル（サッカー）,料理
徳永,博,新潟県,上越市,O,コスプレ,プログラミング,外国語（中国語・フランス語・英会話）,寺巡り,音楽ライブ
羽田,有里,新潟県,上越市,O,バー巡り,カフェ巡り,競馬,Twitter,利き酒
米田,雅敏,新潟県,上越市,O,フットサル（サッカー）,利き酒,洞窟探索,歌舞伎,野菜ソムリエ
上野,幸雅,新潟県,上越市,O,スマホゲーム,アイドル,音楽ライブ,カラオケ,バレーボール
富樫,仁,新潟県,上越市,O,漫画,カラオケ,デッサン,コスプレ,カフェ巡り
土井,瑠美,新潟県,上越市,O,パワースポット巡り,スカッシュ,バー巡り,パワースポット巡り,トレーディングカードゲーム
重田,富夫,新潟県,上越市,O,カラーセラピー,スマホゲーム,ビリヤード,カフェ巡り,ラジオ
大矢,隆二,新潟県,上越市,O,ヨガ,ラーメン,寺巡り,音楽ライブ,寺巡り
青山,淳子,新潟県,上越市,O,パワースポット巡り,バー巡り,パワースポット巡り,キックボクシング,Twitter
西谷,忠司,新潟県,上越市,O,ボードゲーム,野菜ソムリエ,トランプ,ネットサーフィン,博物館巡り
松島,夕愛,新潟県,上越市,O,野球,パワースポット巡り,インテリア,釣り,散歩
川村,莉央,新潟県,上越市,O,音楽ライブ,グルメ,ハンドメイド（ものづくり）,サーフィン,ワイン
戸塚,和茂,新潟県,上越市,O,歌舞伎,天体観測,ダンス,切り絵,トライアスロン
永瀬,千佳子,新潟県,上越市,O,天体観測,散歩,書道（習字）,折り紙,ゴルフ
守屋,梓,新潟県,上越市,O,音楽ライブ,カービング,ネットサーフィン,カフェ巡り,ハンドメイド（ものづくり）
松下,秀光,新潟県,上越市,O,トランプ,アニメ,書道（習字）,カフェ巡り,将棋
谷口,里穂,新潟県,上越市,O,折り紙,野菜ソムリエ,美術館巡り,バイク,ドローン
西川,勝太郎,新潟県,上越市,O,釣り,DIY,キックボクシング,音楽ライブ,キャンプ
三原,佳乃,新潟県,上越市,O,似顔絵,漫画,マジック,アニメ,カフェ巡り
瀬戸,千佳,新潟県,上越市,O,外国語（中国語・フランス語・英会話）,燻製づくり,折り紙,天体観測,トランプ
土橋,小春,新潟県,上越市,O,野菜ソムリエ,トランプ,ランニング（ジョギング）,ハンドメイド（ものづくり）,Twitter
山上,保,新潟県,上越市,O,ガーデニング（園芸）,スマホゲーム,囲碁,天体観測,ボードゲーム
加瀬,莉央,新潟県,上越市,O,掃除,音楽ライブ,登山,ジャズ,海
中本,新太郎,新潟県,上越市,O,サーフィン,ハンドメイド（ものづくり）,漫画,ランニング（ジョギング）,天体観測
毛利,晴美,新潟県,上越市,O,ハンドメイド（ものづくり）,ラーメン,パワースポット巡り,ドローン,ジャズ
豊島,昌嗣,新潟県,上越市,O,将棋,ネットサーフィン,ボードゲーム,カフェ巡り,水族館巡り
黒沢,君子,新潟県,上越市,O,野菜ソムリエ,アイドル,掃除,利き酒,切り絵
浜本,満,新潟県,上越市,O,動物園巡り,グルメ,パワースポット巡り,散歩,アニメ
相田,邦久,新潟県,上越市,O,カフェ巡り,ダーツ,インテリア,ヨガ,折り紙
越智,恵子,新潟県,上越市,O,離島巡り,トライアスロン,野菜ソムリエ,筋トレ,スカッシュ
石原,萌恵,新潟県,上越市,O,野菜ソムリエ,ガーデニング（園芸）,Twitter,イラスト,釣り
白石,俊二,新潟県,上越市,O,カフェ巡り,パワースポット巡り,音楽ライブ,天体観測,野菜ソムリエ
楠本,結羽,新潟県,上越市,O,ドライブ,天体観測,スカッシュ,インスタ,ガーデニング（園芸）
永島,寛之,新潟県,上越市,O,カフェ巡り,ボードゲーム,ブログ,サバゲー,バー巡り
住田,冨士雄,新潟県,上越市,O,クロスバイク,釣り,野菜ソムリエ,動物園巡り,外国語（中国語・フランス語・英会話）
西,淳子,新潟県,上越市,O,燻製づくり,トレーディングカードゲーム,カフェ巡り,将棋,DIY
島本,貴英,新潟県,上越市,O,トライアスロン,筋トレ,瞑想,ボードゲーム,カフェ巡り
小室,菜摘,新潟県,上越市,O,カフェ巡り,歌舞伎,プラモデル,掃除,ブログ
高崎,滉二,新潟県,上越市,O,パワースポット巡り,ラーメン,マジック,将棋,カメラ
島本,信子,新潟県,上越市,O,トライアスロン,散歩,天体観測,スポーツ観戦,ゴルフ
戸塚,泰佑,新潟県,上越市,O,映画鑑賞,釣り,野菜ソムリエ,ボランティア,ファッション
北,絢子,新潟県,上越市,O,ダンス,インテリア,カラオケ,音楽ライブ,バスケットボール
狩野,奏吾,新潟県,上越市,O,野菜ソムリエ,カービング,ワイン,プラモデル,スポーツ観戦
杉原,颯太,新潟県,上越市,O,ランニング（ジョギング）,似顔絵,切り絵,博物館巡り,カフェ巡り
鹿野,義昭,新潟県,上越市,O,天体観測,ハンドメイド（ものづくり）,カービング,利き酒,ラジオ
坪田,良子,新潟県,上越市,O,カフェ巡り,サーフィン,燻製づくり,チェス,囲碁
小平,吉夫,新潟県,上越市,O,ボルダリング,アロマテラピー,トレーディングカードゲーム,野菜ソムリエ,釣り
園田,萌,新潟県,上越市,O,ビリヤード,インテリア,パワースポット巡り,ペット,トライアスロン
大場,利忠,新潟県,上越市,O,スマホゲーム,離島巡り,漫画,音楽ライブ,トランプ
羽田,靖,新潟県,上越市,O,美術館巡り,パン作り,音楽ライブ,将棋,バイク
山岸,照夫,新潟県,上越市,O,マジック,温泉巡り,書道（習字）,占い,音楽ライブ
渋谷,孝夫,新潟県,上越市,O,パワースポット巡り,占い,温泉巡り,ジャズ,折り紙
豊島,和正,新潟県,上越市,O,パワースポット巡り,海,ルービックキューブ,競馬,掃除
尾上,孝志,新潟県,上越市,O,ヨガ,ヨガ,ルービックキューブ,アニメ,野菜ソムリエ
竹原,昌利,新潟県,上越市,O,折り紙,パワースポット巡り,ルービックキューブ,洞窟探索,温泉巡り
辻,朝香,新潟県,上越市,O,将棋,水族館巡り,海,パワースポット巡り,アロマテラピー
奥田,恭之介,新潟県,上越市,O,漫画,ゴルフ,パワースポット巡り,洞窟探索,漫画
高橋,金次,新潟県,上越市,O,ペット,囲碁,音楽ライブ,ボルダリング,天体観測
市原,紗羅,新潟県,上越市,O,博物館巡り,天体観測,インスタ,野球,漫画
平井,徳次郎,新潟県,上越市,O,パチンコ,海,ダンス,ゴルフ,天体観測
白鳥,芳郎,新潟県,上越市,O,彫刻,将棋,寺巡り,切り絵,カフェ巡り
棚橋,貞男,新潟県,上越市,O,インスタ,ラーメン,カフェ巡り,アイドル,散歩
津田,完爾,新潟県,上越市,O,ボードゲーム,ダンス,フットサル（サッカー）,サバゲー,天体観測
塚原,心美,新潟県,上越市,O,離島巡り,ボランティア,似顔絵,音楽ライブ,ボルダリング
神山,琴子,新潟県,上越市,O,バレーボール,野菜ソムリエ,似顔絵,チェス,温泉巡り
佐野,雄三,新潟県,上越市,O,キャンプ,野菜ソムリエ,俳句・川柳,トレーディングカードゲーム,アロマテラピー
坂本,詠一,新潟県,上越市,O,海,野菜ソムリエ,映画鑑賞,温泉巡り,トライアスロン
土田,正行,新潟県,上越市,O,筋トレ,燻製づくり,アイドル,ボルダリング,音楽ライブ
加賀,隆男,新潟県,上越市,O,サーフィン,インスタ,音楽ライブ,バイク,サーフィン
宮島,正好,新潟県,上越市,O,海,野菜ソムリエ,トライアスロン,プラモデル,将棋
真鍋,樹希,新潟県,上越市,O,プログラミング,パワースポット巡り,音楽ライブ,似顔絵,彫刻
毛利,洋,新潟県,上越市,O,占い,天体観測,パワースポット巡り,インスタ,散歩
笹本,佳那子,新潟県,上越市,O,似顔絵,離島巡り,チェス,野菜ソムリエ,カメラ
宇多田,慎之介,新潟県,上越市,O,Twitter,楽器演奏,天体観測,漫画,俳句・川柳
菅,幸真,新潟県,上越市,O,美術館巡り,離島巡り,マジック,インスタ,天体観測
米田,信吾,新潟県,上越市,O,ファッション,ラジオ,占い,バスケットボール,パワースポット巡り
都築,正博,新潟県,上越市,O,トランプ,ネットサーフィン,散歩,ペット,カフェ巡り
河原,華子,新潟県,上越市,O,グルメ,ジャズ,パワースポット巡り,掃除,筋トレ
松岡,華弥子,新潟県,上越市,O,天体観測,競馬,バスケットボール,映画鑑賞,グルメ
前島,幸恵,新潟県,上越市,O,野菜ソムリエ,野球,掃除,釣り,ボルダリング
鳥居,賢一,新潟県,上越市,O,グルメ,ハンドメイド（ものづくり）,野菜ソムリエ,ダーツ,イラスト
松浦,金太郎,新潟県,上越市,O,博物館巡り,天体観測,競馬,将棋,音楽ライブ
井田,音羽,新潟県,上越市,O,釣り,サーフィン,トレーディングカードゲーム,プラモデル,天体観測
笹本,亜実,新潟県,上越市,O,カービング,ネットサーフィン,サバゲー,音楽ライブ,音楽ライブ
大前,優仁,新潟県,上越市,O,野菜ソムリエ,音楽ライブ,バイク,占い,切り絵
中川,そら,新潟県,上越市,O,パワースポット巡り,プラモデル,カラーセラピー,バー巡り,動物園巡り
坂下,耕筰,新潟県,上越市,O,ボードゲーム,天体観測,プログラミング,ゴルフ,ネットサーフィン
平川,実希子,新潟県,上越市,O,マジック,瞑想,折り紙,ブログ,パワースポット巡り
岩沢,ケンイチ,新潟県,上越市,O,競馬,パワースポット巡り,バイク,音楽ライブ,食べ歩き
石垣,淳,新潟県,上越市,O,燻製づくり,ボランティア,ネットサーフィン,カフェ巡り,ブログ
星野,照,新潟県,上越市,O,離島巡り,野菜ソムリエ,チェス,散歩,トレーディングカードゲーム
長谷部,五月,新潟県,上越市,O,DIY,利き酒,カフェ巡り,寺巡り,パチンコ
唐沢,淳子,新潟県,上越市,O,バレーボール,アロマテラピー,インスタ,スカッシュ,パワースポット巡り
竹中,隆雄,新潟県,上越市,O,動物園巡り,ドローン,音楽ライブ,アイドル,ブログ
木下,美佳,新潟県,上越市,O,パワースポット巡り,音楽ライブ,天体観測,野菜ソムリエ,カフェ巡り
田尻,奈津子,新潟県,上越市,O,カフェ巡り,離島巡り,筋トレ,ラジオ,折り紙
赤木,岩生,新潟県,上越市,O,プラモデル,ハンドメイド（ものづくり）,ペット,天体観測,ネットサーフィン
鶴岡,孝志,新潟県,上越市,O,折り紙,囲碁,DIY,トライアスロン,音楽ライブ
小玉,勇一,新潟県,上越市,O,折り紙,博物館巡り,俳句・川柳,チェス,パワースポット巡り
相沢,一久,新潟県,上越市,O,野菜ソムリエ,折り紙,占い,野球,ジャズ
高尾,さとみ,新潟県,上越市,O,釣り,食べ歩き,パチンコ,音楽ライブ,アロマテラピー
小椋,莉沙,新潟県,上越市,O,離島巡り,競馬,博物館巡り,カフェ巡り,囲碁
菊地,柚月,新潟県,上越市,O,占い,ボランティア,チェス,パワースポット巡り,野球
福島,篤紘,新潟県,上越市,O,野菜ソムリエ,カフェ巡り,ネットサーフィン,ネットサーフィン,ファッション
正木,奈保子,新潟県,上越市,O,音楽ライブ,バイク,デッサン,チェス,トレーディングカードゲーム
福岡,靖夫,新潟県,上越市,O,ファッション,書道（習字）,映画鑑賞,切り絵,音楽ライブ
青木,沙彩,新潟県,上越市,O,サバゲー,アロマテラピー,天体観測,離島巡り,占い
山中,守弘,新潟県,上越市,O,散歩,トランプ,温泉巡り,ジャズ,音楽ライブ
布施,稔,新潟県,上越市,O,カービング,料理,ラジオ,天体観測,アロマテラピー
柏木,正子,新潟県,上越市,O,ジャズ,音楽ライブ,将棋,美術館巡り,料理
高村,博史,新潟県,上越市,O,ルービックキューブ,釣り,グルメ,天体観測,サバゲー
蛭田,太一,新潟県,上越市,O,チェス,バー巡り,散歩,DIY,カフェ巡り
石垣,優羽,新潟県,上越市,O,インテリア,アクアリウム,バスケットボール,音楽ライブ,切り絵
石原,舞,新潟県,上越市,O,ネットサーフィン,ネットサーフィン,音楽ライブ,映画鑑賞,カメラ
平岡,由梨,新潟県,上越市,O,料理,野菜ソムリエ,海,囲碁,マジック
石渡,心菜,新潟県,上越市,O,彫刻,天体観測,トライアスロン,アロマテラピー,観葉植物
堀北,慢太郎,新潟県,上越市,O,パワースポット巡り,ビリヤード,Twitter,キックボクシング,パチンコ
池田,千鶴子,新潟県,上越市,O,マジック,天体観測,映画鑑賞,観葉植物,インスタ
石丸,涼,新潟県,上越市,O,バー巡り,天体観測,食べ歩き,音楽ライブ,アニメ
下山,郁,新潟県,上越市,O,パン作り,バー巡り,パワースポット巡り,燻製づくり,バレーボール
進藤,弥太郎,新潟県,上越市,O,パチンコ,バレーボール,天体観測,音楽ライブ,ドライブ
島崎,敦彦,新潟県,上越市,O,インスタ,カラオケ,音楽ライブ,瞑想,ワイン
福永,乃愛,新潟県,上越市,O,散歩,ドローン,パワースポット巡り,ランニング（ジョギング）,ワイン
吉永,昭司,新潟県,上越市,O,ハンドメイド（ものづくり）,パワースポット巡り,ルービックキューブ,カメラ,インテリア
正木,柚葉,新潟県,上越市,O,釣り,野球,海,パワースポット巡り,カメラ
白鳥,徹,新潟県,上越市,O,水族館巡り,音楽ライブ,海,ルービックキューブ,バスケットボール
赤坂,伊万里,新潟県,上越市,O,折り紙,タイピング,天体観測,デッサン,音楽ライブ
秋元,莉央,新潟県,上越市,O,ジャズ,野球,サバゲー,カフェ巡り,野菜ソムリエ
神崎,文乃,新潟県,上越市,O,博物館巡り,バー巡り,スマホゲーム,マジック,音楽ライブ
川村,泰憲,新潟県,上越市,O,マジック,バレーボール,ワイン,野球,カフェ巡り
田端,香音,新潟県,上越市,O,ハンドメイド（ものづくり）,パワースポット巡り,アイドル,イラスト,歌舞伎
永瀬,智恵理,新潟県,上越市,O,バスケットボール,ビリヤード,野菜ソムリエ,DIY,野菜ソムリエ
小寺,努,新潟県,上越市,O,散歩,博物館巡り,パワースポット巡り,外国語（中国語・フランス語・英会話）,切り絵
飯田,勝利,新潟県,上越市,O,野菜ソムリエ,キャンプ,美術館巡り,登山,外国語（中国語・フランス語・英会話）
松井,健吉,新潟県,上越市,O,水族館巡り,パン作り,野菜ソムリエ,トライアスロン,グルメ
手島,愛音,新潟県,上越市,O,デッサン,登山,パワースポット巡り,DIY,パチンコ
安井,柚月,新潟県,上越市,O,野菜ソムリエ,ハンドメイド（ものづくり）,ランニング（ジョギング）,オセロ,ドローン
浅田,政次,新潟県,上越市,O,ラーメン,野菜ソムリエ,楽器演奏,ペット,野球
朝倉,彩葉,新潟県,上越市,O,ボルダリング,ハンドメイド（ものづくり）,ラーメン,パワースポット巡り,観葉植物
森川,伸生,新潟県,上越市,O,テレビゲーム,折り紙,天体観測,ワイン,野球
足立,久美,新潟県,上越市,O,掃除,外国語（中国語・フランス語・英会話）,パワースポット巡り,切り絵,バー巡り
野島,和佳子,新潟県,上越市,O,楽器演奏,洞窟探索,パワースポット巡り,マジック,寺巡り
小原,麻美,新潟県,上越市,O,キックボクシング,キャンプ,ドローン,パワースポット巡り,ネットサーフィン
佐藤,ケンイチ,新潟県,上越市,O,利き酒,ダーツ,パワースポット巡り,カラオケ,サバゲー
泉,響子,新潟県,上越市,O,デッサン,サバゲー,オセロ,野菜ソムリエ,水族館巡り
尾形,緋彩,新潟県,上越市,O,外国語（中国語・フランス語・英会話）,掃除,バレーボール,利き酒,音楽ライブ
寺崎,絢子,新潟県,上越市,O,バイク,離島巡り,クロスバイク,パワースポット巡り,料理
新垣,精一,新潟県,上越市,O,スマホゲーム,ドローン,温泉巡り,パワースポット巡り,カフェ巡り
鳥居,若奈,新潟県,上越市,O,散歩,ラジオ,書道（習字）,ルービックキューブ,音楽ライブ
石渡,昌利,新潟県,上越市,O,似顔絵,パワースポット巡り,スカッシュ,マジック,アイドル
土谷,年子,新潟県,上越市,O,バー巡り,将棋,音楽ライブ,書道（習字）,歌舞伎
中林,陽菜乃,新潟県,上越市,O,バー巡り,カラオケ,デッサン,野菜ソムリエ,トレーディングカードゲーム
若山,ジョージ,新潟県,上越市,O,野球,似顔絵,ワイン,サバゲー,パワースポット巡り
平松,泰夫,新潟県,上越市,O,ボランティア,ダンス,音楽ライブ,カフェ巡り,スマホゲーム
江頭,愛咲,新潟県,上越市,O,音楽ライブ,折り紙,料理,キックボクシング,カフェ巡り
菊地,彩香,新潟県,上越市,O,天体観測,カラーセラピー,パン作り,プログラミング,美術館巡り
松田,正一,新潟県,上越市,O,トランプ,天体観測,切り絵,ドライブ,スポーツ観戦
安部,夏音,新潟県,上越市,O,寺巡り,アニメ,カフェ巡り,ネットサーフィン,美術館巡り
井口,真紀,新潟県,上越市,O,映画鑑賞,天体観測,タイピング,掃除,将棋
成田,愛梨,新潟県,上越市,O,ラジオ,インスタ,野菜ソムリエ,フットサル（サッカー）,天体観測
新田,奈那,新潟県,上越市,O,ドローン,デッサン,カフェ巡り,バイク,カメラ
西尾,楓香,新潟県,上越市,O,カフェ巡り,アロマテラピー,DIY,料理,ドライブ
及川,和彦,新潟県,上越市,O,ガーデニング（園芸）,音楽ライブ,ゴルフ,アロマテラピー,囲碁
亀井,義明,新潟県,上越市,O,ラジオ,ボルダリング,天体観測,インテリア,瞑想
東海林,肇,新潟県,上越市,O,漫画,クロスバイク,ボランティア,散歩,カフェ巡り
村田,理翠,新潟県,上越市,O,寺巡り,スポーツ観戦,音楽ライブ,音楽ライブ,ランニング（ジョギング）
黒岩,十三,新潟県,上越市,O,野菜ソムリエ,漫画,Twitter,ドライブ,外国語（中国語・フランス語・英会話）
二瓶,佳歩,新潟県,上越市,O,Twitter,散歩,デッサン,ゴルフ,音楽ライブ
関谷,マサカズ,新潟県,上越市,O,カラオケ,ビリヤード,野菜ソムリエ,競馬,天体観測
若松,紗希,新潟県,上越市,O,ヨガ,燻製づくり,洞窟探索,イラスト,天体観測
江口,正之,新潟県,上越市,O,パン作り,瞑想,天体観測,キャンプ,博物館巡り
手塚,凛太郎,新潟県,上越市,O,カフェ巡り,将棋,クロスバイク,パン作り,バー巡り
相沢,金太郎,新潟県,上越市,O,美術館巡り,パワースポット巡り,将棋,スカッシュ,ボルダリング
三田,雅玖斗,新潟県,上越市,O,ラジオ,クロスバイク,食べ歩き,ワイン,野菜ソムリエ
小栗,明日香,新潟県,上越市,O,ジャズ,野菜ソムリエ,似顔絵,バレーボール,楽器演奏
結城,和之,新潟県,上越市,O,天体観測,ジャズ,瞑想,将棋,スポーツ観戦
竹内,千佳,新潟県,上越市,O,スカッシュ,ワイン,切り絵,天体観測,バー巡り
前島,武久,新潟県,上越市,O,ペット,音楽ライブ,トライアスロン,パワースポット巡り,バー巡り
岡田,日奈,新潟県,上越市,O,オセロ,野菜ソムリエ,観葉植物,外国語（中国語・フランス語・英会話）,コスプレ
相原,駿佑,新潟県,上越市,O,ランニング（ジョギング）,動物園巡り,ヨガ,野菜ソムリエ,ゴルフ
塚本,敏正,新潟県,上越市,O,ランニング（ジョギング）,ハンドメイド（ものづくり）,利き酒,パワースポット巡り,デッサン
葛西,玲奈,新潟県,上越市,O,離島巡り,チェス,カフェ巡り,デッサン,インテリア
上村,英彦,新潟県,上越市,O,音楽ライブ,キャンプ,アイドル,野球,DIY
末永,利佳,新潟県,上越市,O,パワースポット巡り,ファッション,トランプ,サバゲー,ドローン
千葉,佑奈,新潟県,上越市,O,デッサン,海,散歩,パワースポット巡り,洞窟探索
奥田,英二,新潟県,上越市,O,離島巡り,野菜ソムリエ,ラーメン,ファッション,映画鑑賞
川村,真緒,新潟県,上越市,O,外国語（中国語・フランス語・英会話）,競馬,パワースポット巡り,音楽ライブ,パワースポット巡り
岩瀬,真菜,新潟県,上越市,O,囲碁,俳句・川柳,瞑想,ファッション,パワースポット巡り
真鍋,心春,新潟県,上越市,O,テレビゲーム,カフェ巡り,掃除,ブログ,サバゲー
馬場,泰三,新潟県,上越市,O,DIY,オセロ,ファッション,寺巡り,野菜ソムリエ
沢井,隼士,新潟県,上越市,O,ダーツ,デッサン,ダンス,カフェ巡り,テレビゲーム
坂東,真由子,新潟県,上越市,O,ゴルフ,グルメ,テレビゲーム,パワースポット巡り,離島巡り
瀬戸,栞奈,新潟県,上越市,O,パチンコ,折り紙,パワースポット巡り,トランプ,観葉植物
西沢,ひろ子,新潟県,上越市,O,カフェ巡り,ハンドメイド（ものづくり）,ボルダリング,アニメ,タイピング
荒川,愛子,新潟県,上越市,O,音楽ライブ,天体観測,野菜ソムリエ,カフェ巡り,パワースポット巡り
荒木,陽香,新潟県,上越市,O,音楽ライブ,オセロ,動物園巡り,バスケットボール,マジック
三田,心優,新潟県,上越市,O,パワースポット巡り,カラオケ,アロマテラピー,ファッション,離島巡り
中本,乙葉,新潟県,上越市,O,ゴルフ,パン作り,音楽ライブ,俳句・川柳,オセロ
小川,ひろみ,新潟県,上越市,O,食べ歩き,音楽ライブ,アイドル,キックボクシング,トランプ
影山,建,新潟県,上越市,O,パワースポット巡り,グルメ,コスプレ,ランニング（ジョギング）,食べ歩き
大河内,茜,新潟県,上越市,O,天体観測,ランニング（ジョギング）,プログラミング,カラオケ,イラスト
星野,豊,新潟県,上越市,O,パワースポット巡り,寺巡り,カラーセラピー,利き酒,スポーツ観戦
三沢,通夫,新潟県,上越市,O,俳句・川柳,チェス,カフェ巡り,水族館巡り,ボードゲーム
高沢,道男,新潟県,上越市,O,音楽ライブ,登山,動物園巡り,ブログ,バレーボール
奥田,人志,新潟県,上越市,O,ラジオ,音楽ライブ,スマホゲーム,コスプレ,DIY
中山,惟史,新潟県,上越市,O,天体観測,ビリヤード,キャンプ,囲碁,天体観測
千葉,泰夫,新潟県,上越市,O,カフェ巡り,釣り,観葉植物,キャンプ,ダンス
柳沢,禄郎,新潟県,上越市,O,インテリア,カフェ巡り,タイピング,スマホゲーム,料理
服部,美帆,新潟県,上越市,O,音楽ライブ,映画鑑賞,占い,バレーボール,ブログ
二宮,龍宏,新潟県,上越市,O,バレーボール,歌舞伎,動物園巡り,オセロ,音楽ライブ
鈴木,揚子,新潟県,上越市,O,競馬,パワースポット巡り,フットサル（サッカー）,アニメ,トライアスロン
坂口,花歩,新潟県,上越市,O,折り紙,天体観測,チェス,バレーボール,書道（習字）
羽鳥,百華,新潟県,上越市,O,オセロ,フットサル（サッカー）,パワースポット巡り,ドライブ,ネットサーフィン
笹原,秀樹,新潟県,上越市,O,音楽ライブ,折り紙,プラモデル,ゴルフ,ランニング（ジョギング）
内野,秀隆,新潟県,上越市,O,掃除,掃除,楽器演奏,切り絵,パワースポット巡り
吉川,裕司,新潟県,上越市,O,切り絵,観葉植物,天体観測,サバゲー,観葉植物
藤巻,良吉,新潟県,上越市,O,スマホゲーム,コスプレ,競馬,野菜ソムリエ,ブログ
山岸,洋介,新潟県,上越市,O,スポーツ観戦,競馬,音楽ライブ,瞑想,野球
長岡,栄伸,新潟県,上越市,O,洞窟探索,ダーツ,音楽ライブ,スカッシュ,プログラミング
羽田,辰海,新潟県,上越市,O,野菜ソムリエ,彫刻,オセロ,グルメ,アニメ
桜井,聖吾,新潟県,上越市,O,食べ歩き,デッサン,カフェ巡り,観葉植物,観葉植物
森井,実可,新潟県,上越市,O,競馬,ラジオ,音楽ライブ,外国語（中国語・フランス語・英会話）,美術館巡り
宇都宮,孝明,新潟県,上越市,O,ゴルフ,サーフィン,ボルダリング,パワースポット巡り,ルービックキューブ
柴山,明莉,新潟県,上越市,O,天体観測,音楽ライブ,カラーセラピー,カービング,チェス
荻原,三郎,新潟県,上越市,O,タイピング,クロスバイク,スポーツ観戦,音楽ライブ,カービング
原田,金次,新潟県,上越市,O,テレビゲーム,動物園巡り,美術館巡り,パワースポット巡り,音楽ライブ
山形,美琴,新潟県,上越市,O,スマホゲーム,ネットサーフィン,動物園巡り,ヨガ,パワースポット巡り
新川,重信,新潟県,上越市,O,音楽ライブ,スカッシュ,マジック,カメラ,インスタ
筒井,博,新潟県,上越市,O,ガーデニング（園芸）,ガーデニング（園芸）,ジャズ,カラオケ,音楽ライブ
小畑,太陽,新潟県,上越市,O,アイドル,野菜ソムリエ,トレーディングカードゲーム,サーフィン,釣り
立石,未央,新潟県,上越市,O,ラジオ,DIY,ラーメン,書道（習字）,音楽ライブ
下田,浩俊,新潟県,上越市,O,競馬,漫画,フットサル（サッカー）,バー巡り,野菜ソムリエ
倉田,澪,新潟県,上越市,O,切り絵,料理,ボランティア,パワースポット巡り,チェス
桑原,紬,新潟県,上越市,O,カラーセラピー,ワイン,食べ歩き,カフェ巡り,俳句・川柳
奥野,奈菜,新潟県,上越市,O,グルメ,カフェ巡り,離島巡り,音楽ライブ,チェス
二宮,早紀,新潟県,上越市,O,音楽ライブ,天体観測,野菜ソムリエ,カフェ巡り,パワースポット巡り
梅沢,咲,新潟県,上越市,O,音楽ライブ,天体観測,野菜ソムリエ,カフェ巡り,パワースポット巡り
窪田,砂登子,新潟県,上越市,O,釣り,パワースポット巡り,ヨガ,トレーディングカードゲーム,マジック
三島,重彦,新潟県,上越市,O,野菜ソムリエ,スポーツ観戦,ダンス,ボードゲーム,マジック
三島,樹,新潟県,上越市,O,天体観測,ネットサーフィン,プログラミング,ファッション,ボランティア
山形,心結,新潟県,上越市,O,コスプレ,天体観測,折り紙,散歩,筋トレ
丹野,健雄,新潟県,上越市,O,釣り,食べ歩き,インスタ,ボランティア,音楽ライブ
野崎,法子,新潟県,上越市,O,離島巡り,スカッシュ,サバゲー,カフェ巡り,ファッション
神戸,進也,新潟県,上越市,O,Twitter,キャンプ,ボランティア,グルメ,パワースポット巡り
平山,佳代子,新潟県,上越市,O,パチンコ,ブログ,チェス,音楽ライブ,ハンドメイド（ものづくり）
奥村,雅彦,新潟県,上越市,O,パチンコ,音楽ライブ,登山,サバゲー,食べ歩き
塚田,忍,新潟県,上越市,O,ビリヤード,アイドル,天体観測,フットサル（サッカー）,インスタ
三好,晴久,新潟県,上越市,O,動物園巡り,プログラミング,天体観測,トランプ,グルメ
樋口,桂子,新潟県,上越市,O,食べ歩き,食べ歩き,天体観測,似顔絵,スカッシュ
堀川,夏実,新潟県,上越市,O,スマホゲーム,寺巡り,チェス,音楽ライブ,ゴルフ
浦野,正記,新潟県,上越市,O,海,ボランティア,野菜ソムリエ,フットサル（サッカー）,イラスト
山内,裕次郎,新潟県,上越市,O,利き酒,似顔絵,カフェ巡り,楽器演奏,スカッシュ
平川,了,新潟県,上越市,O,インテリア,コスプレ,ペット,ランニング（ジョギング）,天体観測
小関,小梅,新潟県,上越市,O,音楽ライブ,ハンドメイド（ものづくり）,カメラ,料理,俳句・川柳
柏木,憲一,新潟県,上越市,O,観葉植物,登山,パワースポット巡り,ビリヤード,音楽ライブ
寺尾,良雄,新潟県,上越市,O,競馬,野菜ソムリエ,マジック,俳句・川柳,スマホゲーム
冨永,幸仁,新潟県,上越市,O,天体観測,サーフィン,漫画,囲碁,ゴルフ
米沢,隆則,新潟県,上越市,O,カラオケ,ペット,将棋,ドライブ,パワースポット巡り
市村,竜三,新潟県,上越市,O,ヨガ,カフェ巡り,ワイン,パワースポット巡り,俳句・川柳
米沢,敏哉,新潟県,上越市,O,バスケットボール,野菜ソムリエ,DIY,カラーセラピー,音楽ライブ
本上,晋也,新潟県,上越市,O,ダンス,映画鑑賞,折り紙,カフェ巡り,トライアスロン
沢尻,たまき,新潟県,上越市,O,俳句・川柳,野菜ソムリエ,囲碁,インスタ,サーフィン
岸本,一花,新潟県,上越市,O,ボランティア,野球,天体観測,彫刻,動物園巡り
加藤,亜抄子,新潟県,上越市,O,マジック,カメラ,音楽ライブ,カービング,スポーツ観戦
合田,光良,新潟県,上越市,O,散歩,DIY,ガーデニング（園芸）,パワースポット巡り,ブログ
磯崎,雅人,新潟県,上越市,O,ドライブ,デッサン,バー巡り,音楽ライブ,映画鑑賞
杉本,みき,新潟県,上越市,O,プログラミング,ファッション,カフェ巡り,利き酒,ガーデニング（園芸）
井手,多紀,新潟県,上越市,O,トレーディングカードゲーム,カフェ巡り,ハンドメイド（ものづくり）,トライアスロン,外国語（中国語・フランス語・英会話）
神戸,操,新潟県,上越市,O,音楽ライブ,Twitter,クロスバイク,ワイン,トランプ
吉原,良男,新潟県,上越市,O,ペット,野菜ソムリエ,バイク,野球,イラスト
阿久津,順一,新潟県,上越市,O,散歩,洞窟探索,楽器演奏,音楽ライブ,カフェ巡り
相田,伸一,新潟県,上越市,O,サーフィン,サーフィン,パワースポット巡り,ダンス,ハンドメイド（ものづくり）
野田,康善,新潟県,上越市,O,音楽ライブ,料理,ビリヤード,動物園巡り,ネットサーフィン
中村,禎,新潟県,上越市,O,切り絵,温泉巡り,パワースポット巡り,スマホゲーム,登山
高坂,勝次,新潟県,上越市,O,動物園巡り,ドライブ,パワースポット巡り,ラジオ,DIY
鹿島,実可,新潟県,上越市,O,ジャズ,野菜ソムリエ,水族館巡り,トレーディングカードゲーム,書道（習字）
安達,貞二,新潟県,上越市,O,ドライブ,タイピング,ランニング（ジョギング）,寺巡り,パワースポット巡り
中尾,史郎,新潟県,上越市,O,カフェ巡り,オセロ,イラスト,ドローン,フットサル（サッカー）
飯塚,初江,新潟県,上越市,O,外国語（中国語・フランス語・英会話）,カフェ巡り,ヨガ,似顔絵,ランニング（ジョギング）
三木,雄太,新潟県,上越市,O,パワースポット巡り,ファッション,将棋,音楽ライブ,利き酒
倉橋,彰,新潟県,上越市,O,ラジオ,燻製づくり,料理,野菜ソムリエ,キャンプ
内田,桃佳,新潟県,上越市,O,オセロ,アイドル,天体観測,アイドル,ワイン
矢作,隆太,新潟県,上越市,O,パワースポット巡り,スマホゲーム,漫画,燻製づくり,イラスト
武,未華子,新潟県,上越市,O,トレーディングカードゲーム,動物園巡り,パン作り,ボルダリング,カフェ巡り
棚橋,堂下,新潟県,上越市,O,プラモデル,俳句・川柳,野菜ソムリエ,筋トレ,バー巡り
横山,晃司,新潟県,上越市,O,美術館巡り,タイピング,ダーツ,水族館巡り,野菜ソムリエ
岡山,宏行,新潟県,上越市,O,パン作り,野菜ソムリエ,観葉植物,ドローン,ボルダリング
梅津,優心,新潟県,上越市,O,海,サバゲー,パワースポット巡り,グルメ,離島巡り
村中,知世,新潟県,上越市,O,コスプレ,パワースポット巡り,アロマテラピー,バー巡り,利き酒
篠崎,一輝,新潟県,上越市,O,ワイン,洞窟探索,スマホゲーム,パワースポット巡り,ボードゲーム
田端,揚子,新潟県,上越市,O,ワイン,燻製づくり,トレーディングカードゲーム,天体観測,ネットサーフィン
黒岩,修三,新潟県,上越市,O,カメラ,野菜ソムリエ,スマホゲーム,プログラミング,彫刻
鈴木,明日,新潟県,上越市,O,バー巡り,バー巡り,映画鑑賞,野菜ソムリエ,温泉巡り
野本,修子,新潟県,上越市,O,動物園巡り,スカッシュ,テレビゲーム,食べ歩き,カフェ巡り
染谷,佳樹,新潟県,上越市,O,イラスト,水族館巡り,食べ歩き,登山,カフェ巡り
海老原,樹里,新潟県,上越市,O,ビリヤード,動物園巡り,音楽ライブ,ドローン,外国語（中国語・フランス語・英会話）
早川,清人,新潟県,上越市,O,彫刻,トランプ,バイク,野菜ソムリエ,パン作り
田川,和利,新潟県,上越市,O,天体観測,散歩,ラーメン,スマホゲーム,楽器演奏
滝川,十郎,新潟県,上越市,O,占い,キャンプ,パワースポット巡り,サーフィン,ドローン
吉川,怜子,新潟県,上越市,O,漫画,カフェ巡り,チェス,ハンドメイド（ものづくり）,海
大嶋,茂志,新潟県,上越市,O,トランプ,デッサン,カフェ巡り,ボランティア,ゴルフ
羽鳥,幸三,新潟県,上越市,O,漫画,サバゲー,クロスバイク,ネットサーフィン,パワースポット巡り
玉木,翼,新潟県,上越市,O,筋トレ,野菜ソムリエ,コスプレ,パチンコ,燻製づくり
玉井,颯哉,新潟県,上越市,O,離島巡り,コスプレ,マジック,博物館巡り,カフェ巡り
宮川,葵衣,新潟県,上越市,O,水族館巡り,サーフィン,パワースポット巡り,プラモデル,カラオケ
稲村,美代,新潟県,上越市,O,音楽ライブ,切り絵,アロマテラピー,トライアスロン,ダーツ
伊崎,友也,新潟県,上越市,O,外国語（中国語・フランス語・英会話）,パワースポット巡り,ドライブ,ワイン,書道（習字）
木内,章,新潟県,上越市,O,パワースポット巡り,登山,バレーボール,野菜ソムリエ,ラーメン
小村,由子,新潟県,上越市,O,チェス,野球,囲碁,スカッシュ,野菜ソムリエ
伏見,萌香,新潟県,上越市,O,音楽ライブ,温泉巡り,デッサン,温泉巡り,料理
松村,涼音,新潟県,上越市,O,掃除,トランプ,ガーデニング（園芸）,カフェ巡り,漫画
田渕,凛子,新潟県,上越市,O,ダンス,トライアスロン,似顔絵,外国語（中国語・フランス語・英会話）,音楽ライブ
中田,千咲,新潟県,上越市,O,インスタ,天体観測,観葉植物,似顔絵,燻製づくり
新谷,桃歌,新潟県,上越市,O,彫刻,天体観測,観葉植物,アロマテラピー,散歩
玉井,一代,新潟県,上越市,O,天体観測,野菜ソムリエ,カフェ巡り,パワースポット巡り,音楽ライブ
大熊,瑠菜,新潟県,上越市,O,洞窟探索,スカッシュ,パチンコ,音楽ライブ,パチンコ
細川,隼士,新潟県,上越市,O,パワースポット巡り,音楽ライブ,天体観測,野菜ソムリエ,カフェ巡り
梅原,秀,新潟県,上越市,O,ドライブ,書道（習字）,ボードゲーム,野菜ソムリエ,キャンプ
古谷,愛,新潟県,上越市,O,映画鑑賞,温泉巡り,アロマテラピー,カービング,パワースポット巡り
新垣,佑,新潟県,上越市,O,音楽ライブ,天体観測,野菜ソムリエ,カフェ巡り,パワースポット巡り
堀井,充則,新潟県,上越市,O,トライアスロン,トライアスロン,ダンス,パワースポット巡り,デッサン
大木,浩介,新潟県,上越市,O,カフェ巡り,フットサル（サッカー）,イラスト,折り紙,Twitter
栗山,信生,新潟県,上越市,O,チェス,音楽ライブ,フットサル（サッカー）,野球,デッサン
坂野,由樹,新潟県,上越市,O,パワースポット巡り,音楽ライブ,天体観測,野菜ソムリエ,カフェ巡り
庄司,恵子,新潟県,上越市,O,ワイン,音楽ライブ,折り紙,トライアスロン,瞑想
東,明莉,新潟県,上越市,O,カフェ巡り,将棋,プラモデル,キックボクシング,ドライブ
西田,和島,新潟県,上越市,O,切り絵,ラジオ,パワースポット巡り,バスケットボール,パワースポット巡り
秋葉,紫音,新潟県,上越市,O,寺巡り,タイピング,バイク,音楽ライブ,彫刻
石崎,啓介,新潟県,上越市,O,サバゲー,登山,将棋,バスケットボール,カフェ巡り
赤木,望美,新潟県,上越市,O,スマホゲーム,スポーツ観戦,プラモデル,ドライブ,天体観測
長沢,花緑,新潟県,上越市,O,天体観測,野菜ソムリエ,カフェ巡り,パワースポット巡り,音楽ライブ
哀川,ノブヒコ,新潟県,上越市,O,カラオケ,散歩,ヨガ,パワースポット巡り,天体観測
藤本,達徳,新潟県,上越市,O,ドローン,散歩,書道（習字）,野菜ソムリエ,オセロ
柳瀬,麻衣子,新潟県,上越市,O,ヨガ,博物館巡り,天体観測,ルービックキューブ,美術館巡り
徳田,一花,新潟県,上越市,O,野菜ソムリエ,パチンコ,天体観測,ドライブ,音楽ライブ
板垣,沙耶香,新潟県,上越市,O,音楽ライブ,カメラ,ドローン,競馬,アニメ
長谷川,美智代,新潟県,上越市,O,キックボクシング,バスケットボール,食べ歩き,Twitter,カフェ巡り
高松,真優,新潟県,上越市,O,アイドル,パワースポット巡り,トレーディングカードゲーム,囲碁,スポーツ観戦
川端,帆翔子,新潟県,上越市,O,ダンス,天体観測,オセロ,ビリヤード,離島巡り
小澤,清次郎,新潟県,上越市,O,観葉植物,ワイン,天体観測,サバゲー,食べ歩き
江口,広行,新潟県,上越市,O,バスケットボール,カメラ,動物園巡り,バスケットボール,天体観測
町田,理紗,新潟県,上越市,O,音楽ライブ,バレーボール,バスケットボール,パワースポット巡り,掃除
松田,葉月,新潟県,上越市,O,離島巡り,温泉巡り,トランプ,カフェ巡り,ハンドメイド（ものづくり）
土井,志歩,新潟県,上越市,O,ドローン,野菜ソムリエ,DIY,動物園巡り,映画鑑賞
横田,俊哉,新潟県,上越市,O,ラーメン,チェス,天体観測,ボランティア,外国語（中国語・フランス語・英会話）
古沢,咲空,新潟県,上越市,O,スカッシュ,パワースポット巡り,ネットサーフィン,野菜ソムリエ,キックボクシング
大和,大樹,新潟県,上越市,O,カメラ,マジック,カラーセラピー,似顔絵,パワースポット巡り
今泉,佳乃,新潟県,上越市,O,動物園巡り,パン作り,カフェ巡り,バレーボール,野球
日野,直吉,新潟県,上越市,O,天体観測,ドローン,占い,アニメ,漫画
佐野,隆夫,新潟県,上越市,O,音楽ライブ,アニメ,バレーボール,DIY,アクアリウム
吉澤,晴菜,新潟県,上越市,O,カフェ巡り,利き酒,登山,グルメ,ヨガ
松元,俊昭,新潟県,上越市,O,野球,アイドル,ジャズ,野菜ソムリエ,トレーディングカードゲーム
今,真紀子,新潟県,上越市,O,ボードゲーム,音楽ライブ,カメラ,カラオケ,利き酒
成田,七菜,新潟県,上越市,O,パワースポット巡り,キックボクシング,バスケットボール,トランプ,燻製づくり
大川,蓮,新潟県,上越市,O,パワースポット巡り,野菜ソムリエ,プログラミング,カフェ巡り,トライアスロン
田沢,恭子,新潟県,上越市,O,パワースポット巡り,ドローン,グルメ,キックボクシング,将棋
小島,賢,新潟県,上越市,O,タイピング,利き酒,映画鑑賞,イラスト,カフェ巡り
塩田,暢興,新潟県,上越市,O,温泉巡り,ビリヤード,温泉巡り,ハンドメイド（ものづくり）,カフェ巡り
橘,法子,新潟県,上越市,O,カフェ巡り,チェス,チェス,洞窟探索,カメラ
金谷,邦彦,新潟県,上越市,O,音楽ライブ,イラスト,デッサン,カービング,外国語（中国語・フランス語・英会話）
大路,明慶,新潟県,上越市,O,天体観測,野菜ソムリエ,カフェ巡り,パワースポット巡り,音楽ライブ
尾形,昌彦,新潟県,上越市,O,クロスバイク,タイピング,野菜ソムリエ,洞窟探索,切り絵
大野,忠男,新潟県,上越市,O,パワースポット巡り,バー巡り,釣り,スカッシュ,カラーセラピー
関口,光雄,新潟県,上越市,O,音楽ライブ,天体観測,野菜ソムリエ,カフェ巡り,パワースポット巡り
江原,優,新潟県,上越市,O,スマホゲーム,トライアスロン,イラスト,カラーセラピー,パワースポット巡り
粕谷,啓一,新潟県,上越市,O,Twitter,カメラ,映画鑑賞,観葉植物,天体観測
岩瀬,勝子,新潟県,上越市,O,ラジオ,瞑想,ドローン,パワースポット巡り,カービング
須賀,勝美,新潟県,上越市,O,カメラ,アイドル,Twitter,カフェ巡り,パチンコ
浅川,淳三,新潟県,上越市,O,天体観測,観葉植物,マジック,パワースポット巡り,ビリヤード
平野,照生,新潟県,上越市,O,彫刻,洞窟探索,ボランティア,音楽ライブ,インテリア
多田,花華,新潟県,上越市,O,マジック,歌舞伎,瞑想,将棋,天体観測
北条,麻帆,新潟県,上越市,O,野球,カフェ巡り,ワイン,キャンプ,トレーディングカードゲーム
小原,乃愛子,新潟県,上越市,O,DIY,音楽ライブ,ワイン,切り絵,ヨガ
小野田,成康,新潟県,上越市,O,ゴルフ,ランニング（ジョギング）,ラーメン,外国語（中国語・フランス語・英会話）,天体観測
古屋,正夫,新潟県,上越市,O,バスケットボール,囲碁,天体観測,彫刻,掃除
岡野,正吉,新潟県,上越市,O,天体観測,野球,ラーメン,プログラミング,ジャズ
片山,義則,新潟県,上越市,O,野球,サバゲー,ハンドメイド（ものづくり）,音楽ライブ,スマホゲーム
前島,光明,新潟県,上越市,O,燻製づくり,バー巡り,野菜ソムリエ,海,野球
杉下,きみまろ,新潟県,上越市,O,天体観測,野菜ソムリエ,カフェ巡り,パワースポット巡り,音楽ライブ
横川,久夫,新潟県,上越市,O,カラオケ,野菜ソムリエ,歌舞伎,釣り,ゴルフ
鶴田,勝義,新潟県,上越市,O,ゴルフ,温泉巡り,パワースポット巡り,漫画,ダーツ
大城,達士,新潟県,上越市,O,野菜ソムリエ,カフェ巡り,パワースポット巡り,音楽ライブ,天体観測
志田,宗一,新潟県,上越市,O,天体観測,パチンコ,歌舞伎,パチンコ,タイピング
平田,由紀江,新潟県,上越市,O,書道（習字）,トライアスロン,クロスバイク,音楽ライブ,オセロ
金城,朱里,新潟県,上越市,O,トランプ,グルメ,ドライブ,サーフィン,カフェ巡り
志賀,令子,新潟県,上越市,O,カフェ巡り,ゴルフ,水族館巡り,バイク,バレーボール
浅見,利雄,新潟県,上越市,O,切り絵,天体観測,ビリヤード,洞窟探索,折り紙
北原,進,新潟県,上越市,O,観葉植物,寺巡り,利き酒,野菜ソムリエ,ドローン
桜井,明宏,新潟県,上越市,O,カフェ巡り,パワースポット巡り,音楽ライブ,天体観測,野菜ソムリエ
梅田,華,新潟県,上越市,O,バー巡り,パワースポット巡り,ラーメン,クロスバイク,チェス
織田,玲那,新潟県,上越市,O,カラーセラピー,天体観測,ボルダリング,音楽ライブ,登山
秋山,沙羅,新潟県,上越市,O,音楽ライブ,似顔絵,アイドル,歌舞伎,瞑想
角田,文一,新潟県,上越市,O,温泉巡り,ガーデニング（園芸）,カフェ巡り,プラモデル,Twitter
田代,健次郎,新潟県,上越市,O,音楽ライブ,キャンプ,プログラミング,パチンコ,ダーツ
米倉,晴,新潟県,上越市,O,カフェ巡り,ブログ,俳句・川柳,ワイン,天体観測
村岡,佳乃,新潟県,上越市,O,ガーデニング（園芸）,ダーツ,ランニング（ジョギング）,天体観測,ビリヤード
井口,寿々花,新潟県,上越市,O,音楽ライブ,天体観測,野菜ソムリエ,カフェ巡り,パワースポット巡り
角田,時雄,新潟県,上越市,O,スカッシュ,オセロ,俳句・川柳,イラスト,カフェ巡り
寺内,文,新潟県,上越市,O,ワイン,競馬,海,カラーセラピー,野菜ソムリエ
大滝,芳樹,新潟県,上越市,O,野菜ソムリエ,ボードゲーム,カービング,アニメ,アクアリウム
池谷,祐基,新潟県,上越市,O,イラスト,パワースポット巡り,マジック,ラーメン,ジャズ
浅田,孝三,新潟県,上越市,O,野球,ハンドメイド（ものづくり）,切り絵,パワースポット巡り,美術館巡り
長沢,隆二,新潟県,上越市,O,ラーメン,ボードゲーム,トランプ,カフェ巡り,ビリヤード
中,鈴子,新潟県,上越市,O,ジャズ,天体観測,アクアリウム,野菜ソムリエ,キックボクシング
末永,光子,新潟県,上越市,O,音楽ライブ,イラスト,釣り,アニメ,水族館巡り
岩谷,裕久,新潟県,上越市,O,ネットサーフィン,DIY,野菜ソムリエ,イラスト,音楽ライブ
鬼頭,淳斗,新潟県,上越市,O,音楽ライブ,デッサン,ペット,バー巡り,ビリヤード
有田,七美,新潟県,上越市,O,寺巡り,カフェ巡り,プログラミング,食べ歩き,インテリア
高見,佳代子,新潟県,上越市,O,イラスト,トランプ,筋トレ,天体観測,バー巡り
吉本,亨,新潟県,上越市,O,デッサン,野球,洞窟探索,野菜ソムリエ,ファッション
菊池,道子,新潟県,上越市,O,デッサン,散歩,プログラミング,似顔絵,音楽ライブ
森岡,藍,新潟県,上越市,O,フットサル（サッカー）,アニメ,カフェ巡り,洞窟探索,バー巡り
秋山,真帆,新潟県,上越市,O,競馬,グルメ,パワースポット巡り,ボードゲーム,ラーメン
宮川,典大,新潟県,上越市,O,アニメ,バスケットボール,カラオケ,カフェ巡り,バー巡り
北野,紗良,新潟県,上越市,O,利き酒,ビリヤード,パチンコ,音楽ライブ,釣り
有馬,敏嗣,新潟県,上越市,O,スポーツ観戦,天体観測,天体観測,ブログ,ダーツ
小関,妃里,新潟県,上越市,O,天体観測,野菜ソムリエ,カフェ巡り,パワースポット巡り,音楽ライブ
三浦,栄作,新潟県,上越市,O,クロスバイク,ブログ,楽器演奏,野菜ソムリエ,映画鑑賞
大和田,政治,新潟県,上越市,O,Twitter,音楽ライブ,掃除,外国語（中国語・フランス語・英会話）,折り紙
桑原,奈々,新潟県,上越市,O,グルメ,筋トレ,カフェ巡り,漫画,離島巡り
安部,文乃,新潟県,上越市,O,折り紙,野菜ソムリエ,俳句・川柳,バスケットボール,ゴルフ
藤島,美和子,新潟県,上越市,O,野菜ソムリエ,ジャズ,Twitter,プログラミング,似顔絵
小久保,栄一,新潟県,上越市,O,パワースポット巡り,スマホゲーム,ファッション,トランプ,散歩
氏家,利昭,新潟県,上越市,O,パワースポット巡り,イラスト,キャンプ,ボランティア,マジック
山内,恵麻,新潟県,上越市,O,デッサン,パワースポット巡り,ドローン,グルメ,ハンドメイド（ものづくり）
黒岩,桐也,新潟県,上越市,O,野球,カフェ巡り,カフェ巡り,海,キャンプ
南,重信,新潟県,上越市,O,ラーメン,天体観測,掃除,競馬,バー巡り
山上,彩芽,新潟県,上越市,O,天体観測,トライアスロン,利き酒,瞑想,ゴルフ
市川,萌香,新潟県,上越市,O,音楽ライブ,天体観測,野菜ソムリエ,カフェ巡り,パワースポット巡り
池田,高志,新潟県,上越市,O,パチンコ,ダーツ,野菜ソムリエ,グルメ,音楽ライブ
小沼,花梨,新潟県,上越市,O,漫画,カメラ,歌舞伎,野菜ソムリエ,ダンス
林,真悠,新潟県,上越市,O,カメラ,天体観測,映画鑑賞,離島巡り,アロマテラピー
風間,友吉,新潟県,上越市,O,カフェ巡り,アロマテラピー,占い,釣り,囲碁
藤村,富夫,新潟県,上越市,O,競馬,寺巡り,DIY,カフェ巡り,スカッシュ
千田,忠三,新潟県,上越市,O,トランプ,美術館巡り,天体観測,切り絵,デッサン
榊原,数子,新潟県,上越市,O,海,楽器演奏,楽器演奏,DIY,カフェ巡り
田口,敏也,新潟県,上越市,O,ドローン,ドライブ,野菜ソムリエ,オセロ,フットサル（サッカー）
仲田,茜,新潟県,上越市,O,パワースポット巡り,カメラ,洞窟探索,掃除,ダーツ
石黒,夏鈴,新潟県,上越市,O,彫刻,美術館巡り,パワースポット巡り,オセロ,書道（習字）
八田,剛基,新潟県,上越市,O,ドライブ,カフェ巡り,チェス,パン作り,オセロ
丹野,麻理子,新潟県,上越市,O,歌舞伎,ランニング（ジョギング）,バー巡り,天体観測,カラーセラピー
吾妻,由良,新潟県,上越市,O,燻製づくり,天体観測,ペット,キャンプ,ブログ
冨永,晴久,新潟県,上越市,O,スポーツ観戦,離島巡り,ラーメン,釣り,野菜ソムリエ
吉野,信吉,新潟県,上越市,O,フットサル（サッカー）,音楽ライブ,テレビゲーム,海,ボードゲーム
市村,利夫,新潟県,上越市,O,カフェ巡り,バスケットボール,トランプ,スマホゲーム,アニメ
柴田,晴菜,新潟県,上越市,O,ボランティア,デッサン,天体観測,スポーツ観戦,美術館巡り
辻,響子,新潟県,上越市,O,ランニング（ジョギング）,離島巡り,ペット,野菜ソムリエ,ルービックキューブ
松本,泰雄,新潟県,上越市,O,アクアリウム,サーフィン,カフェ巡り,グルメ,歌舞伎
柏木,由里子,新潟県,上越市,O,散歩,ダンス,パワースポット巡り,インテリア,トレーディングカードゲーム
井本,麻由,新潟県,上越市,O,彫刻,カービング,パワースポット巡り,洞窟探索,サバゲー
冨永,厚吉,新潟県,上越市,O,瞑想,キャンプ,野菜ソムリエ,フットサル（サッカー）,ボランティア
立花,翠,新潟県,上越市,O,ペット,キャンプ,折り紙,将棋,パワースポット巡り
小玉,砂羽,新潟県,上越市,O,野球,博物館巡り,タイピング,パワースポット巡り,スポーツ観戦
嶋田,怜子,新潟県,上越市,O,天体観測,アロマテラピー,マジック,掃除,カフェ巡り
塩沢,七郎,新潟県,上越市,O,外国語（中国語・フランス語・英会話）,ヨガ,動物園巡り,パワースポット巡り,食べ歩き
平井,未来,新潟県,上越市,O,ドライブ,燻製づくり,折り紙,バスケットボール,カフェ巡り
中谷,孝明,新潟県,上越市,O,パワースポット巡り,利き酒,チェス,天体観測,グルメ
安川,美桜,新潟県,上越市,O,映画鑑賞,トランプ,散歩,音楽ライブ,歌舞伎
大川,由良,新潟県,上越市,O,天体観測,野球,書道（習字）,筋トレ,ヨガ
武藤,愛良,新潟県,上越市,O,料理,天体観測,掃除,カメラ,インテリア
高沢,御喜家,新潟県,上越市,O,コスプレ,サーフィン,天体観測,ゴルフ,野菜ソムリエ
鵜飼,末治,新潟県,上越市,O,天体観測,漫画,プログラミング,釣り,ボルダリング
玉井,柚香,新潟県,上越市,O,音楽ライブ,カフェ巡り,将棋,寺巡り,外国語（中国語・フランス語・英会話）
滝本,雅之,新潟県,上越市,O,イラスト,音楽ライブ,料理,アロマテラピー,マジック
出口,葵依,新潟県,上越市,O,サーフィン,音楽ライブ,キックボクシング,コスプレ,楽器演奏
陳,利治,新潟県,上越市,O,ボランティア,競馬,ボルダリング,バスケットボール,野菜ソムリエ
青木,瑞穂,新潟県,上越市,O,天体観測,プラモデル,書道（習字）,カフェ巡り,ボルダリング
丸山,智子,新潟県,上越市,O,温泉巡り,釣り,カフェ巡り,アニメ,ダーツ
木下,由奈,新潟県,上越市,O,書道（習字）,料理,料理,博物館巡り,パワースポット巡り
本郷,俊之,新潟県,上越市,O,イラスト,パワースポット巡り,観葉植物,タイピング,温泉巡り
田所,麗香,新潟県,上越市,O,ダーツ,利き酒,カービング,野菜ソムリエ,瞑想
石倉,奈乃羽,新潟県,上越市,O,トレーディングカードゲーム,ボルダリング,カフェ巡り,掃除,美術館巡り
仲村,咲,新潟県,上越市,O,音楽ライブ,パワースポット巡り,カフェ巡り,天体観測,野菜ソムリエ
長谷部,さとみ,新潟県,上越市,O,パワースポット巡り,音楽ライブ,天体観測,野菜ソムリエ,カフェ巡り
大倉,美玲,新潟県,上越市,O,離島巡り,デッサン,折り紙,ハンドメイド（ものづくり）,音楽ライブ
室井,行雄,新潟県,上越市,O,カフェ巡り,アロマテラピー,美術館巡り,パワースポット巡り,パチンコ
大谷,正吉,新潟県,上越市,O,ゴルフ,ダーツ,楽器演奏,ランニング（ジョギング）,音楽ライブ
竹中,和人,新潟県,上越市,O,バイク,デッサン,音楽ライブ,ボランティア,トランプ
坂元,紫苑,新潟県,上越市,O,離島巡り,トレーディングカードゲーム,ドライブ,カフェ巡り,クロスバイク
滝,義雄,新潟県,上越市,O,ヨガ,天体観測,筋トレ,ガーデニング（園芸）,登山
平松,正好,新潟県,上越市,O,サーフィン,チェス,料理,野菜ソムリエ,トランプ
羽田,隆太,新潟県,上越市,O,トランプ,将棋,パワースポット巡り,マジック,俳句・川柳
山中,秀隆,新潟県,上越市,O,食べ歩き,タイピング,バスケットボール,アロマテラピー,音楽ライブ
浅川,昌,新潟県,上越市,O,オセロ,天体観測,離島巡り,水族館巡り,トライアスロン
杉山,健次,新潟県,上越市,O,キャンプ,天体観測,パワースポット巡り,スマホゲーム,ネットサーフィン
平塚,誠,新潟県,上越市,O,ボードゲーム,音楽ライブ,ランニング（ジョギング）,登山,占い
藤島,友也,新潟県,上越市,O,カフェ巡り,スカッシュ,俳句・川柳,スカッシュ,折り紙
牧野,正洋,新潟県,上越市,O,野球,水族館巡り,天体観測,瞑想,瞑想
勝又,茂樹,新潟県,上越市,O,パワースポット巡り,音楽ライブ,天体観測,野菜ソムリエ,カフェ巡り
東山,有紗,新潟県,上越市,O,ボルダリング,DIY,クロスバイク,音楽ライブ,似顔絵
谷口,鈴,新潟県,上越市,O,野球,彫刻,スマホゲーム,カフェ巡り,切り絵
田村,照男,新潟県,上越市,O,野菜ソムリエ,ボードゲーム,ファッション,寺巡り,カービング
前原,竜也,新潟県,上越市,O,バー巡り,登山,水族館巡り,占い,音楽ライブ
佐久間,愛音,新潟県,上越市,O,美術館巡り,天体観測,ブログ,似顔絵,水族館巡り
北島,雅敏,新潟県,上越市,O,パワースポット巡り,ガーデニング（園芸）,キャンプ,インテリア,バレーボール
土谷,啓二,新潟県,上越市,O,散歩,プログラミング,彫刻,美術館巡り,音楽ライブ
須賀,美佳,新潟県,上越市,O,カフェ巡り,野球,アクアリウム,バー巡り,カラーセラピー
金森,結月,新潟県,上越市,O,瞑想,ルービックキューブ,野菜ソムリエ,グルメ,イラスト
坂東,雅紹,新潟県,上越市,O,プログラミング,バー巡り,パワースポット巡り,ランニング（ジョギング）,書道（習字）
中塚,仁成,新潟県,上越市,O,ジャズ,パワースポット巡り,俳句・川柳,Twitter,グルメ
磯野,信輔,新潟県,上越市,O,ルービックキューブ,温泉巡り,登山,音楽ライブ,アロマテラピー
松下,玲那,新潟県,上越市,O,野菜ソムリエ,カフェ巡り,パワースポット巡り,音楽ライブ,天体観測
滋賀,真人,新潟県,上越市,O,釣り,ヨガ,天体観測,バー巡り,釣り
高橋,聡,新潟県,上越市,O,天体観測,野菜ソムリエ,カフェ巡り,パワースポット巡り,音楽ライブ
白井,浩太郎,新潟県,上越市,O,デッサン,書道（習字）,野菜ソムリエ,トランプ,登山
石崎,啓吾,新潟県,上越市,O,野菜ソムリエ,釣り,登山,インスタ,バー巡り
小原,胡桃,新潟県,上越市,O,釣り,DIY,カメラ,彫刻,カフェ巡り
渡部,勝太郎,新潟県,上越市,O,マジック,囲碁,天体観測,ラーメン,美術館巡り
岡島,吉男,新潟県,上越市,O,ルービックキューブ,海,外国語（中国語・フランス語・英会話）,音楽ライブ,ダーツ
横田,あおい,新潟県,上越市,O,サーフィン,ハンドメイド（ものづくり）,カフェ巡り,DIY,ドローン
諏訪,治夫,新潟県,上越市,O,マジック,スポーツ観戦,野菜ソムリエ,フットサル（サッカー）,美術館巡り
小原,義孝,新潟県,上越市,O,インスタ,海,洞窟探索,野菜ソムリエ,キャンプ
野中,麗乃,新潟県,上越市,O,オセロ,ランニング（ジョギング）,音楽ライブ,登山,海
室井,寿男,新潟県,上越市,O,クロスバイク,野菜ソムリエ,ジャズ,ダンス,観葉植物
川口,浩幸,新潟県,上越市,O,野菜ソムリエ,カフェ巡り,ガーデニング（園芸）,インテリア,天体観測
筒井,明緒子,新潟県,上越市,O,野菜ソムリエ,ハンドメイド（ものづくり）,スマホゲーム,イラスト,キャンプ
野上,菜摘,新潟県,上越市,O,音楽ライブ,天体観測,アイドル,DIY,ゴルフ
山田,千鶴子,新潟県,上越市,O,カフェ巡り,カラオケ,漫画,ボードゲーム,ラーメン
三田,沙也加,新潟県,上越市,O,スポーツ観戦,温泉巡り,カフェ巡り,ジャズ,スマホゲーム
向井,芳人,新潟県,上越市,O,カフェ巡り,パチンコ,彫刻,ハンドメイド（ものづくり）,美術館巡り
八木,斎,新潟県,上越市,O,料理,タイピング,パワースポット巡り,博物館巡り,ダーツ
足立,有沙,新潟県,上越市,O,ゴルフ,ワイン,グルメ,パチンコ,カフェ巡り
神山,理絵,新潟県,上越市,O,将棋,ビリヤード,競馬,燻製づくり,カフェ巡り
片平,幸平,新潟県,上越市,O,パワースポット巡り,音楽ライブ,天体観測,野菜ソムリエ,カフェ巡り
橘,敬二,新潟県,上越市,O,ラーメン,天体観測,利き酒,筋トレ,釣り
吉川,礼惟,新潟県,上越市,O,燻製づくり,占い,音楽ライブ,イラスト,アニメ
安井,修子,新潟県,上越市,O,野球,パン作り,コスプレ,釣り,天体観測
荒井,雪絵,新潟県,上越市,O,博物館巡り,カメラ,占い,パワースポット巡り,漫画
布川,光博,新潟県,上越市,O,ビリヤード,海,パワースポット巡り,筋トレ,サバゲー
玉城,好一,新潟県,上越市,O,ラーメン,トランプ,パワースポット巡り,アロマテラピー,カービング
高村,太朗,新潟県,上越市,O,音楽ライブ,スマホゲーム,トライアスロン,ビリヤード,ペット
長沼,咲奈,新潟県,上越市,O,利き酒,海,ファッション,タイピング,パワースポット巡り
我妻,隆一,新潟県,上越市,O,インテリア,キックボクシング,動物園巡り,ネットサーフィン,野菜ソムリエ
富永,雛子,新潟県,上越市,O,占い,プラモデル,インテリア,料理,パワースポット巡り
長野,莉乃,新潟県,上越市,O,カフェ巡り,ドローン,似顔絵,ダーツ,プラモデル
畑,由季央,新潟県,上越市,O,筋トレ,海,野菜ソムリエ,温泉巡り,ガーデニング（園芸）
田原,治虫,新潟県,上越市,O,料理,似顔絵,ボードゲーム,天体観測,バイク
和田,福太郎,新潟県,上越市,O,カラオケ,囲碁,スマホゲーム,カフェ巡り,インスタ
亀山,泰子,新潟県,上越市,O,ワイン,天体観測,スカッシュ,サバゲー,瞑想
難波,澪那,新潟県,上越市,O,カラーセラピー,キックボクシング,映画鑑賞,音楽ライブ,歌舞伎
天野,真里,新潟県,上越市,O,ブログ,ラジオ,パワースポット巡り,クロスバイク,洞窟探索
植松,理央,新潟県,上越市,O,ダンス,囲碁,天体観測,漫画,テレビゲーム
藤野,千恵,新潟県,上越市,O,チェス,ガーデニング（園芸）,野菜ソムリエ,アイドル,カメラ
金井,サンタマリア,新潟県,上越市,O,カフェ巡り,パワースポット巡り,音楽ライブ,天体観測,野菜ソムリエ
寺井,俊介,新潟県,上越市,O,天体観測,ネットサーフィン,プログラミング,利き酒,トランプ
中尾,芽生,新潟県,上越市,O,カフェ巡り,美術館巡り,ジャズ,博物館巡り,パワースポット巡り
山村,瑞紀,新潟県,上越市,O,燻製づくり,フットサル（サッカー）,ルービックキューブ,コスプレ,カフェ巡り
江崎,理央,新潟県,上越市,O,トレーディングカードゲーム,掃除,グルメ,天体観測,インスタ
中森,由姫,新潟県,上越市,O,タイピング,ダンス,ダーツ,音楽ライブ,占い
佐竹,光希,新潟県,上越市,O,マジック,動物園巡り,野菜ソムリエ,Twitter,トランプ
飯塚,真由,新潟県,上越市,O,バー巡り,パワースポット巡り,博物館巡り,インテリア,将棋
石井,吉雄,新潟県,上越市,O,野菜ソムリエ,サバゲー,離島巡り,カービング,カラオケ
金沢,孝明,新潟県,上越市,O,野球,チェス,音楽ライブ,カフェ巡り,切り絵
志賀,達,新潟県,上越市,O,スマホゲーム,アクアリウム,音楽ライブ,寺巡り,筋トレ
影山,彩有里,新潟県,上越市,O,バイク,天体観測,ラジオ,カービング,スマホゲーム
大塚,春夫,新潟県,上越市,O,オセロ,野菜ソムリエ,洞窟探索,ボランティア,楽器演奏
宇佐美,知美,新潟県,上越市,O,燻製づくり,ワイン,ダーツ,音楽ライブ,ワイン
後藤,忠吉,新潟県,上越市,O,スポーツ観戦,野菜ソムリエ,ダーツ,パチンコ,映画鑑賞
室井,寛治,新潟県,上越市,O,フットサル（サッカー）,競馬,観葉植物,カフェ巡り,離島巡り
垣内,政利,新潟県,上越市,O,アニメ,天体観測,ドライブ,バスケットボール,外国語（中国語・フランス語・英会話）
大畑,拓哉,新潟県,上越市,O,ヨガ,ハンドメイド（ものづくり）,スマホゲーム,天体観測,燻製づくり
島村,保男,新潟県,上越市,O,音楽ライブ,散歩,書道（習字）,トランプ,サバゲー
浦野,篤,新潟県,上越市,O,料理,似顔絵,ワイン,パワースポット巡り,天体観測
中,あさみ,新潟県,上越市,O,音楽ライブ,天体観測,野菜ソムリエ,カフェ巡り,パワースポット巡り
諏訪,修三,新潟県,上越市,O,野球,歌舞伎,デッサン,歌舞伎,パワースポット巡り
矢島,俊史,新潟県,上越市,O,離島巡り,楽器演奏,音楽ライブ,オセロ,スマホゲーム
井口,雄大,新潟県,上越市,O,ランニング（ジョギング）,サーフィン,ハンドメイド（ものづくり）,パワースポット巡り,離島巡り
林,涼太,新潟県,上越市,O,散歩,スポーツ観戦,ヨガ,パワースポット巡り,釣り
大川,理津子,新潟県,上越市,O,トレーディングカードゲーム,音楽ライブ,バレーボール,将棋,DIY
北,依子,新潟県,上越市,O,海,ガーデニング（園芸）,パワースポット巡り,プログラミング,アクアリウム
秋山,結子,新潟県,上越市,O,筋トレ,グルメ,音楽ライブ,野菜ソムリエ,インテリア
野沢,清吾,新潟県,上越市,O,ラーメン,天体観測,プログラミング,博物館巡り,インテリア
山上,あき,新潟県,上越市,O,パワースポット巡り,音楽ライブ,天体観測,野菜ソムリエ,カフェ巡り
川上,秋夫,新潟県,上越市,O,料理,ダンス,ハンドメイド（ものづくり）,カフェ巡り,カフェ巡り
相馬,義雄,新潟県,上越市,O,スマホゲーム,スカッシュ,ファッション,切り絵,カフェ巡り
大井,柊花,新潟県,上越市,O,カフェ巡り,ファッション,サーフィン,天体観測,登山
佐藤,容子,新潟県,上越市,O,カフェ巡り,スマホゲーム,占い,ボルダリング,デッサン
勝又,米子,新潟県,上越市,O,天体観測,フットサル（サッカー）,トランプ,バレーボール,キックボクシング
粕谷,一美,新潟県,上越市,O,カラーセラピー,似顔絵,博物館巡り,天体観測,散歩
河井,扶三代,新潟県,上越市,O,掃除,イラスト,パワースポット巡り,カービング,プラモデル
秋葉,耕筰,新潟県,上越市,O,コスプレ,ファッション,音楽ライブ,イラスト,バレーボール
猪股,彼方,新潟県,上越市,O,ペット,パワースポット巡り,スカッシュ,水族館巡り,ダンス
城戸,俊之,新潟県,上越市,O,ファッション,野菜ソムリエ,テレビゲーム,ジャズ,バスケットボール
橋爪,きみまろ,新潟県,上越市,O,音楽ライブ,グルメ,筋トレ,海,筋トレ
田代,良介,新潟県,上越市,O,音楽ライブ,天体観測,野菜ソムリエ,カフェ巡り,パワースポット巡り
塚本,将文,新潟県,上越市,O,ビリヤード,パワースポット巡り,似顔絵,インテリア,プログラミング
島崎,柊磨,新潟県,上越市,O,コスプレ,キックボクシング,パワースポット巡り,ゴルフ,料理
及川,厚,新潟県,上越市,O,ダンス,パワースポット巡り,パン作り,歌舞伎,似顔絵
山田,夏斐,新潟県,上越市,O,デッサン,ガーデニング（園芸）,ファッション,パワースポット巡り,サバゲー
藤川,マサカズ,新潟県,上越市,O,野菜ソムリエ,カフェ巡り,パワースポット巡り,音楽ライブ,天体観測
大矢,果歩,新潟県,上越市,O,野菜ソムリエ,チェス,漫画,占い,インテリア
北島,耕司,新潟県,上越市,O,ビリヤード,野菜ソムリエ,ゴルフ,将棋,キャンプ
斎藤,亮,新潟県,上越市,O,プラモデル,ジャズ,書道（習字）,天体観測,パチンコ
福沢,隼人,新潟県,上越市,O,パワースポット巡り,ボランティア,似顔絵,ワイン,クロスバイク
若山,秀之,新潟県,上越市,O,博物館巡り,占い,音楽ライブ,スマホゲーム,クロスバイク
大平,建,新潟県,上越市,O,カフェ巡り,ダーツ,キャンプ,占い,コスプレ
渡邊,勝子,新潟県,上越市,O,俳句・川柳,動物園巡り,野菜ソムリエ,ハンドメイド（ものづくり）,筋トレ
天野,俊哉,新潟県,上越市,O,音楽ライブ,バイク,ドライブ,野球,ダーツ
三好,正紀,新潟県,上越市,O,水族館巡り,美術館巡り,食べ歩き,カフェ巡り,トレーディングカードゲーム
菊地,紗羅,新潟県,上越市,O,折り紙,ラーメン,パワースポット巡り,カラオケ,楽器演奏
篠原,貞子,新潟県,上越市,O,カフェ巡り,瞑想,似顔絵,利き酒,似顔絵
はしの,敦,新潟県,上越市,O,外国語（中国語・フランス語・英会話）,バイク,彫刻,天体観測,タイピング
横田,勝男,新潟県,上越市,O,海,博物館巡り,カフェ巡り,バー巡り,音楽ライブ
花田,富士雄,新潟県,上越市,O,バイク,ファッション,野菜ソムリエ,ラーメン,マジック
松尾,悦夫,新潟県,上越市,O,マジック,音楽ライブ,ガーデニング（園芸）,歌舞伎,アクアリウム
長谷川,柚希,新潟県,上越市,O,イラスト,似顔絵,テレビゲーム,トランプ,天体観測
竹田,玲菜,新潟県,上越市,O,野球,書道（習字）,グルメ,野菜ソムリエ,筋トレ
河本,俊之,新潟県,上越市,O,カフェ巡り,洞窟探索,水族館巡り,バイク,アクアリウム
土橋,博昭,新潟県,上越市,O,パチンコ,トライアスロン,サーフィン,カフェ巡り,ハンドメイド（ものづくり）
細野,だん吉,新潟県,上越市,O,ランニング（ジョギング）,登山,利き酒,筋トレ,カフェ巡り
井沢,克洋,新潟県,上越市,O,テレビゲーム,カラーセラピー,水族館巡り,カフェ巡り,マジック
古橋,民男,新潟県,上越市,O,占い,ボランティア,クロスバイク,野菜ソムリエ,バイク
平沢,伸生,新潟県,上越市,O,野菜ソムリエ,サバゲー,ランニング（ジョギング）,アイドル,似顔絵
椎名,勝次,新潟県,上越市,O,海,トランプ,クロスバイク,サバゲー,カフェ巡り
宮沢,和佳,新潟県,上越市,O,カービング,野菜ソムリエ,掃除,DIY,ジャズ
高田,秋実,新潟県,上越市,O,パワースポット巡り,カラオケ,瞑想,ネットサーフィン,ラーメン
菅野,吉郎,新潟県,上越市,O,ヨガ,温泉巡り,サーフィン,音楽ライブ,デッサン
小田,雅功,新潟県,上越市,O,漫画,カービング,ハンドメイド（ものづくり）,キャンプ,音楽ライブ
松下,葉菜,新潟県,上越市,O,カフェ巡り,ドライブ,瞑想,ファッション,占い
安西,雅敏,新潟県,上越市,O,カフェ巡り,アロマテラピー,ダンス,スカッシュ,ハンドメイド（ものづくり）
片山,咲菜,新潟県,上越市,O,ブログ,楽器演奏,バレーボール,デッサン,カフェ巡り
杉田,雄二郎,新潟県,上越市,O,天体観測,野菜ソムリエ,キックボクシング,博物館巡り,料理
田淵,知代,新潟県,上越市,O,食べ歩き,ラーメン,似顔絵,音楽ライブ,歌舞伎
寺島,理恵子,新潟県,上越市,O,オセロ,ルービックキューブ,ブログ,天体観測,カメラ
江頭,治彦,新潟県,上越市,O,ダーツ,瞑想,天体観測,登山,食べ歩き
福地,美涼,新潟県,上越市,O,寺巡り,ヨガ,サバゲー,ゴルフ,パワースポット巡り
吉田,圭子,新潟県,上越市,O,動物園巡り,ボランティア,野菜ソムリエ,切り絵,コスプレ
瀬戸,明莉,新潟県,上越市,O,ネットサーフィン,利き酒,スカッシュ,似顔絵,カフェ巡り
黒木,小夏,新潟県,上越市,O,スカッシュ,野菜ソムリエ,タイピング,インテリア,イラスト
進藤,彩音,新潟県,上越市,O,天体観測,海,キャンプ,折り紙,ワイン
六角,扶樹,新潟県,上越市,O,パン作り,囲碁,ゴルフ,天体観測,ファッション
柳,亜衣,新潟県,上越市,O,トライアスロン,ブログ,占い,アクアリウム,野菜ソムリエ
倉田,佑奈,新潟県,上越市,O,キャンプ,音楽ライブ,折り紙,キックボクシング,似顔絵
岩永,歌音,新潟県,上越市,O,動物園巡り,ルービックキューブ,カフェ巡り,ヨガ,キックボクシング
西田,亜矢子,新潟県,上越市,O,パワースポット巡り,筋トレ,博物館巡り,インテリア,カービング
志田,たまき,新潟県,上越市,O,ダンス,サバゲー,ラジオ,アクアリウム,野菜ソムリエ
福士,耕司,新潟県,上越市,O,カフェ巡り,パワースポット巡り,音楽ライブ,天体観測,野菜ソムリエ
清水,日出男,新潟県,上越市,O,歌舞伎,バスケットボール,音楽ライブ,ボランティア,カービング
北田,平一,新潟県,上越市,O,野菜ソムリエ,パワースポット巡り,囲碁,温泉巡り,将棋
高野,沙希,新潟県,上越市,O,外国語（中国語・フランス語・英会話）,ペット,トレーディングカードゲーム,パワースポット巡り,ヨガ
猪股,恵梨香,新潟県,上越市,O,音楽ライブ,食べ歩き,燻製づくり,料理,美術館巡り
鳥居,平一,新潟県,上越市,O,クロスバイク,Twitter,クロスバイク,天体観測,美術館巡り
星野,えみ,新潟県,上越市,O,野菜ソムリエ,インスタ,俳句・川柳,散歩,ガーデニング（園芸）
海野,法子,新潟県,上越市,O,天体観測,散歩,プログラミング,囲碁,楽器演奏
星野,和子,新潟県,上越市,O,占い,音楽ライブ,書道（習字）,バイク,カフェ巡り
村田,美優,新潟県,上越市,O,野菜ソムリエ,温泉巡り,バイク,スポーツ観戦,ジャズ
北野,武久,新潟県,上越市,O,利き酒,イラスト,食べ歩き,パワースポット巡り,ボランティア
竹村,薫,新潟県,上越市,O,天体観測,外国語（中国語・フランス語・英会話）,イラスト,インスタ,イラスト
星,沙弥,新潟県,上越市,O,パワースポット巡り,天体観測,キックボクシング,書道（習字）,寺巡り
谷川,瑠奈,新潟県,上越市,O,サーフィン,観葉植物,洞窟探索,天体観測,似顔絵
板垣,佳乃,新潟県,上越市,O,カービング,デッサン,温泉巡り,観葉植物,天体観測
小松,雛子,新潟県,上越市,O,音楽ライブ,将棋,ハンドメイド（ものづくり）,スカッシュ,ダーツ
李,絵美,新潟県,上越市,O,囲碁,グルメ,登山,野菜ソムリエ,俳句・川柳
梅津,コウ,新潟県,上越市,O,利き酒,ダーツ,折り紙,トレーディングカードゲーム,カフェ巡り
三枝,郁美,新潟県,上越市,O,バー巡り,コスプレ,掃除,動物園巡り,パワースポット巡り
百瀬,武裕,新潟県,上越市,O,ブログ,カフェ巡り,バスケットボール,書道（習字）,オセロ
城戸,里咲,新潟県,上越市,O,海,スマホゲーム,トランプ,カフェ巡り,グルメ
坂東,賢司,新潟県,上越市,O,天体観測,DIY,チェス,アイドル,スカッシュ
長島,真由美,新潟県,上越市,O,野菜ソムリエ,楽器演奏,キャンプ,似顔絵,ブログ
山元,正美,新潟県,上越市,O,カフェ巡り,天体観測,燻製づくり,トライアスロン,トライアスロン
神崎,めぐみ,新潟県,上越市,O,カフェ巡り,パワースポット巡り,音楽ライブ,天体観測,野菜ソムリエ
永田,太郎,新潟県,上越市,O,アニメ,カフェ巡り,書道（習字）,スカッシュ,水族館巡り
北村,優起,新潟県,上越市,O,洞窟探索,釣り,ゴルフ,音楽ライブ,筋トレ
高見,花音,新潟県,上越市,O,バレーボール,料理,外国語（中国語・フランス語・英会話）,パワースポット巡り,ラーメン
小野寺,正康,新潟県,上越市,O,音楽ライブ,折り紙,ドローン,囲碁,ドローン
内野,順子,新潟県,上越市,O,野菜ソムリエ,ヨガ,音楽ライブ,ファッション,グルメ
冨永,昌弘,新潟県,上越市,O,アロマテラピー,競馬,天体観測,イラスト,チェス
今井,勝太郎,新潟県,上越市,O,散歩,インテリア,野菜ソムリエ,音楽ライブ,水族館巡り
徳田,成美,新潟県,上越市,O,歌舞伎,天体観測,映画鑑賞,ダンス,ランニング（ジョギング）
石本,心菜,新潟県,上越市,O,パワースポット巡り,折り紙,インスタ,インスタ,クロスバイク
石井,羽美,新潟県,上越市,O,アクアリウム,カフェ巡り,バイク,海,バスケットボール
長野,志保,新潟県,上越市,O,パワースポット巡り,ドローン,パン作り,アクアリウム,トランプ
宮沢,渉,新潟県,上越市,O,サバゲー,楽器演奏,ネットサーフィン,テレビゲーム,天体観測
高野,時子,新潟県,上越市,O,テレビゲーム,切り絵,音楽ライブ,俳句・川柳,ハンドメイド（ものづくり）
藤本,南,新潟県,上越市,O,アイドル,バレーボール,コスプレ,外国語（中国語・フランス語・英会話）,パワースポット巡り
白井,千紘,新潟県,上越市,O,サーフィン,天体観測,博物館巡り,寺巡り,プログラミング
堀井,音々,新潟県,上越市,O,パワースポット巡り,燻製づくり,ドライブ,スマホゲーム,デッサン
金田,里奈,新潟県,上越市,O,ワイン,切り絵,パワースポット巡り,コスプレ,ガーデニング（園芸）
村井,銀蔵,新潟県,上越市,O,競馬,音楽ライブ,寺巡り,ダンス,観葉植物
島,美枝子,新潟県,上越市,O,洞窟探索,切り絵,チェス,パワースポット巡り,ゴルフ
木本,偉央,新潟県,上越市,O,パワースポット巡り,マジック,ハンドメイド（ものづくり）,ビリヤード,アクアリウム
矢吹,瑞樹,新潟県,上越市,O,囲碁,ハンドメイド（ものづくり）,海,観葉植物,天体観測
池田,陽介,新潟県,上越市,O,天体観測,アロマテラピー,バスケットボール,博物館巡り,料理
八田,琴,新潟県,上越市,O,外国語（中国語・フランス語・英会話）,瞑想,スポーツ観戦,野菜ソムリエ,離島巡り
東海林,四郎,新潟県,上越市,O,ドローン,楽器演奏,プラモデル,パワースポット巡り,スポーツ観戦
五大,美佐子,新潟県,上越市,O,野菜ソムリエ,カフェ巡り,パワースポット巡り,音楽ライブ,天体観測
三上,那奈,新潟県,上越市,O,テレビゲーム,カービング,パチンコ,カフェ巡り,プラモデル
酒井,麻理,新潟県,上越市,O,筋トレ,ドライブ,カメラ,散歩,音楽ライブ
山野,二三男,新潟県,上越市,O,温泉巡り,博物館巡り,キックボクシング,スカッシュ,天体観測
土井,円,新潟県,上越市,O,トライアスロン,パチンコ,ガーデニング（園芸）,テレビゲーム,野菜ソムリエ
稲垣,可憐,新潟県,上越市,O,テレビゲーム,野菜ソムリエ,書道（習字）,野菜ソムリエ,食べ歩き
大熊,綾奈,新潟県,上越市,O,利き酒,デッサン,パン作り,スマホゲーム,天体観測
中島,昇,新潟県,上越市,O,カフェ巡り,タイピング,パワースポット巡り,ブログ,ドローン
清水,由佳利,新潟県,上越市,O,インテリア,散歩,トレーディングカードゲーム,サバゲー,パワースポット巡り
北条,三郎,新潟県,上越市,O,散歩,カメラ,切り絵,スポーツ観戦,野菜ソムリエ
外山,龍雄,新潟県,上越市,O,マジック,歌舞伎,ボルダリング,バー巡り,音楽ライブ
高谷,遥華,新潟県,上越市,O,アロマテラピー,書道（習字）,競馬,パワースポット巡り,トライアスロン
細野,光,新潟県,上越市,O,カービング,天体観測,利き酒,ダーツ,似顔絵
志田,英晴,新潟県,上越市,O,将棋,カフェ巡り,占い,料理,似顔絵
稲田,小梅,新潟県,上越市,O,ジャズ,ペット,利き酒,散歩,野菜ソムリエ
海野,知世,新潟県,上越市,O,カフェ巡り,パワースポット巡り,音楽ライブ,天体観測,野菜ソムリエ
松浦,伸子,新潟県,上越市,O,将棋,登山,カフェ巡り,デッサン,コスプレ
熊井,希,新潟県,上越市,O,カフェ巡り,カラオケ,漫画,ボランティア,スカッシュ
寺尾,林檎,新潟県,上越市,O,美術館巡り,ランニング（ジョギング）,外国語（中国語・フランス語・英会話）,食べ歩き,野菜ソムリエ
児玉,昌男,新潟県,上越市,O,音楽ライブ,ボルダリング,観葉植物,プログラミング,ドローン
小谷,俊治,新潟県,上越市,O,DIY,洞窟探索,イラスト,音楽ライブ,ルービックキューブ
石崎,義久,新潟県,上越市,O,サーフィン,カラオケ,燻製づくり,野菜ソムリエ,アロマテラピー
島田,善四郎,新潟県,上越市,O,音楽ライブ,競馬,ゴルフ,登山,ランニング（ジョギング）
柳田,千恵子,新潟県,上越市,O,水族館巡り,テレビゲーム,野球,タイピング,天体観測
寺島,利夫,新潟県,上越市,O,美術館巡り,野菜ソムリエ,アロマテラピー,外国語（中国語・フランス語・英会話）,利き酒
大和,世菜,新潟県,上越市,O,音楽ライブ,ゴルフ,海,アイドル,書道（習字）
福原,淳子,新潟県,上越市,O,水族館巡り,デッサン,プログラミング,野菜ソムリエ,燻製づくり
根本,正俊,新潟県,上越市,O,ラジオ,ガーデニング（園芸）,野球,音楽ライブ,ハンドメイド（ものづくり）
李,秀実,新潟県,上越市,O,カービング,サバゲー,動物園巡り,天体観測,トレーディングカードゲーム
武藤,ケンイチ,新潟県,上越市,O,俳句・川柳,筋トレ,野球,音楽ライブ,折り紙
野中,季衣,新潟県,上越市,O,音楽ライブ,キャンプ,スカッシュ,ルービックキューブ,サバゲー
寺崎,里沙,新潟県,上越市,O,ガーデニング（園芸）,切り絵,折り紙,音楽ライブ,温泉巡り
宮下,幸一,新潟県,上越市,O,音楽ライブ,チェス,ダンス,天体観測,デッサン
小澤,国夫,新潟県,上越市,O,サーフィン,チェス,書道（習字）,燻製づくり,音楽ライブ
三島,充則,新潟県,上越市,O,外国語（中国語・フランス語・英会話）,タイピング,カフェ巡り,囲碁,ゴルフ
諸星,泉,新潟県,上越市,O,ワイン,温泉巡り,洞窟探索,天体観測,インスタ
宮沢,安男,新潟県,上越市,O,彫刻,映画鑑賞,占い,俳句・川柳,カフェ巡り
柳原,里穂,新潟県,上越市,O,天体観測,ドライブ,トライアスロン,占い,ボードゲーム
新保,真菜,新潟県,上越市,O,クロスバイク,天体観測,カフェ巡り,パワースポット巡り,プラモデル
河原,定吉,新潟県,上越市,O,美術館巡り,プログラミング,カフェ巡り,サバゲー,外国語（中国語・フランス語・英会話）
近藤,光,新潟県,上越市,O,書道（習字）,燻製づくり,スカッシュ,マジック,野菜ソムリエ
佐川,祐司,新潟県,上越市,O,ルービックキューブ,パチンコ,カフェ巡り,スカッシュ,トライアスロン
菊池,璃奈,新潟県,上越市,O,天体観測,漫画,パワースポット巡り,天体観測,ブログ
小野寺,明,新潟県,上越市,O,パワースポット巡り,音楽ライブ,天体観測,野菜ソムリエ,カフェ巡り
渡邊,晴奈,新潟県,上越市,O,バスケットボール,ハンドメイド（ものづくり）,パチンコ,パワースポット巡り,料理
藤木,君子,新潟県,上越市,O,温泉巡り,アニメ,カフェ巡り,カメラ,ダンス
内村,奈々,新潟県,上越市,O,似顔絵,ラジオ,パワースポット巡り,温泉巡り,スカッシュ
井本,麗華,新潟県,上越市,O,DIY,パワースポット巡り,ドライブ,ラーメン,寺巡り
瀬戸,直人,新潟県,上越市,O,音楽ライブ,天体観測,野菜ソムリエ,カフェ巡り,パワースポット巡り
遠藤,公一,新潟県,上越市,O,彫刻,彫刻,囲碁,野菜ソムリエ,野球
大滝,知美,新潟県,上越市,O,イラスト,デッサン,カフェ巡り,プラモデル,ビリヤード
勝又,直美,新潟県,上越市,O,ペット,ヨガ,ワイン,離島巡り,天体観測
高坂,好子,新潟県,上越市,O,プログラミング,カラーセラピー,ブログ,音楽ライブ,似顔絵
平野,なつみ,新潟県,上越市,O,バー巡り,トレーディングカードゲーム,天体観測,ダーツ,楽器演奏
河田,隼士,新潟県,上越市,O,音楽ライブ,天体観測,野菜ソムリエ,カフェ巡り,パワースポット巡り
半田,莉桜,新潟県,上越市,O,動物園巡り,博物館巡り,天体観測,インテリア,ペット
柳沢,豊樹,新潟県,上越市,O,天体観測,折り紙,ペット,歌舞伎,俳句・川柳
小室,泰次,新潟県,上越市,O,ガーデニング（園芸）,グルメ,カフェ巡り,カラオケ,トライアスロン
乾,美佐,新潟県,上越市,O,カフェ巡り,パワースポット巡り,音楽ライブ,天体観測,野菜ソムリエ
五味,美佐子,新潟県,上越市,O,カービング,DIY,映画鑑賞,パワースポット巡り,ダンス
岡部,繁男,新潟県,上越市,O,彫刻,スポーツ観戦,パワースポット巡り,離島巡り,料理
矢口,勇,新潟県,上越市,O,野菜ソムリエ,カフェ巡り,パワースポット巡り,音楽ライブ,天体観測
大矢,直吉,新潟県,上越市,O,パワースポット巡り,ボードゲーム,音楽ライブ,グルメ,水族館巡り
安井,菜摘,新潟県,上越市,O,野菜ソムリエ,カフェ巡り,パワースポット巡り,音楽ライブ,天体観測
木内,花凛,新潟県,上越市,O,野菜ソムリエ,水族館巡り,ゴルフ,水族館巡り,チェス
二瓶,莉菜,新潟県,上越市,O,瞑想,バスケットボール,野菜ソムリエ,ボルダリング,スカッシュ
中里,奈保美,新潟県,上越市,O,スポーツ観戦,ボランティア,映画鑑賞,ルービックキューブ,野菜ソムリエ
泉,桜子,新潟県,上越市,O,フットサル（サッカー）,燻製づくり,天体観測,トランプ,チェス
石田,史郎,新潟県,上越市,O,ネットサーフィン,音楽ライブ,ドローン,ブログ,カラーセラピー
板橋,栄一郎,新潟県,上越市,O,アクアリウム,カフェ巡り,サーフィン,美術館巡り,パン作り
上村,美羽,新潟県,上越市,O,ネットサーフィン,料理,マジック,カフェ巡り,サバゲー
浦野,秀明,新潟県,上越市,O,ボードゲーム,筋トレ,カフェ巡り,ジャズ,アイドル
喜多,忠夫,新潟県,上越市,O,囲碁,アクアリウム,パン作り,野菜ソムリエ,歌舞伎
川瀬,圭二,新潟県,上越市,O,音楽ライブ,動物園巡り,パン作り,ダーツ,アニメ
百瀬,幸平,新潟県,上越市,O,野菜ソムリエ,カフェ巡り,パワースポット巡り,音楽ライブ,天体観測
千田,末男,新潟県,上越市,O,食べ歩き,美術館巡り,音楽ライブ,スマホゲーム,ハンドメイド（ものづくり）
吉村,妙子,新潟県,上越市,O,天体観測,ボードゲーム,折り紙,スマホゲーム,美術館巡り
松元,比呂美,新潟県,上越市,O,彫刻,デッサン,カフェ巡り,漫画,パチンコ
宮崎,花梨,新潟県,上越市,O,グルメ,天体観測,ペット,ヨガ,トレーディングカードゲーム
山本,裕信,新潟県,上越市,O,温泉巡り,美術館巡り,音楽ライブ,寺巡り,トランプ
栗原,咲,新潟県,上越市,O,野菜ソムリエ,カフェ巡り,パワースポット巡り,音楽ライブ,天体観測
藤森,伊織,新潟県,上越市,O,ガーデニング（園芸）,バイク,トランプ,野菜ソムリエ,観葉植物
伊藤,紗希,新潟県,上越市,O,スカッシュ,将棋,インテリア,パワースポット巡り,カラオケ
寺脇,涼,新潟県,上越市,O,カラーセラピー,登山,観葉植物,ドライブ,音楽ライブ
竹原,咲菜,新潟県,上越市,O,博物館巡り,天体観測,キャンプ,DIY,ボードゲーム
難波,悟,新潟県,上越市,O,トランプ,離島巡り,似顔絵,ボランティア,パワースポット巡り
市原,小百合,新潟県,上越市,O,ダーツ,Twitter,音楽ライブ,切り絵,オセロ
鮫島,煌梨,新潟県,上越市,O,イラスト,野菜ソムリエ,カフェ巡り,カメラ,パワースポット巡り
浅井,礼子,新潟県,上越市,O,パワースポット巡り,音楽ライブ,天体観測,野菜ソムリエ,カフェ巡り
石黒,理歩,新潟県,上越市,O,グルメ,カラーセラピー,カフェ巡り,カメラ,キックボクシング
山岸,雪乃,新潟県,上越市,O,博物館巡り,インテリア,ダーツ,パワースポット巡り,博物館巡り
寺沢,さゆり,新潟県,上越市,O,彫刻,キックボクシング,ネットサーフィン,音楽ライブ,ゴルフ
野田,知世,新潟県,上越市,O,音楽ライブ,ファッション,クロスバイク,映画鑑賞,グルメ
西秋,秀隆,新潟県,上越市,O,彫刻,動物園巡り,将棋,カフェ巡り,イラスト
池内,雅彦,新潟県,上越市,O,天体観測,バスケットボール,ビリヤード,観葉植物,将棋
岡村,敏行,新潟県,上越市,O,書道（習字）,動物園巡り,天体観測,プラモデル,野菜ソムリエ
熊田,福太郎,新潟県,上越市,O,天体観測,ラーメン,囲碁,洞窟探索,水族館巡り
長沼,尚志,新潟県,上越市,O,チェス,占い,離島巡り,パワースポット巡り,洞窟探索
藤崎,創,新潟県,上越市,O,パワースポット巡り,キャンプ,アニメ,コスプレ,プラモデル
猪俣,和弥,新潟県,上越市,O,サーフィン,筋トレ,パワースポット巡り,筋トレ,野球
土谷,美幸,新潟県,上越市,O,ビリヤード,楽器演奏,水族館巡り,燻製づくり,カフェ巡り
香川,博史,新潟県,上越市,O,歌舞伎,ファッション,バー巡り,パワースポット巡り,美術館巡り
三橋,亨治,新潟県,上越市,O,パワースポット巡り,料理,バイク,水族館巡り,デッサン
本山,志乃,新潟県,上越市,O,アニメ,利き酒,彫刻,カフェ巡り,温泉巡り
滝沢,琴葉,新潟県,上越市,O,将棋,トランプ,食べ歩き,野菜ソムリエ,ボランティア
板橋,恵梨香,新潟県,上越市,O,音楽ライブ,天体観測,野菜ソムリエ,カフェ巡り,パワースポット巡り
角田,百合子,新潟県,上越市,O,ボランティア,カフェ巡り,クロスバイク,ゴルフ,ジャズ
西岡,由里子,新潟県,上越市,O,スポーツ観戦,外国語（中国語・フランス語・英会話）,ネットサーフィン,音楽ライブ,漫画
緒形,涼,新潟県,上越市,O,アロマテラピー,食べ歩き,カラーセラピー,野球,音楽ライブ
木下,孝雄,新潟県,上越市,O,ヨガ,ダンス,天体観測,水族館巡り,キャンプ
太田,楓香,新潟県,上越市,O,食べ歩き,パワースポット巡り,ラーメン,バレーボール,囲碁
陳,佐知子,新潟県,上越市,O,海,離島巡り,パワースポット巡り,タイピング,プログラミング
門脇,静香,新潟県,上越市,O,チェス,俳句・川柳,バイク,天体観測,観葉植物
川崎,彩里,新潟県,上越市,O,インテリア,音楽ライブ,ラーメン,バー巡り,タイピング
大泉,恵子,新潟県,上越市,O,温泉巡り,ネットサーフィン,俳句・川柳,占い,パワースポット巡り
三原,晴奈,新潟県,上越市,O,動物園巡り,グルメ,天体観測,将棋,洞窟探索
後藤,芳美,新潟県,上越市,O,キャンプ,ファッション,チェス,天体観測,パン作り
影山,日奈,新潟県,上越市,O,海,ドライブ,イラスト,天体観測,占い
永野,真吾,新潟県,上越市,O,グルメ,ブログ,カフェ巡り,スカッシュ,切り絵
吉沢,友彦,新潟県,上越市,O,ファッション,パワースポット巡り,食べ歩き,スマホゲーム,カラオケ
豊島,弓子,新潟県,上越市,O,テレビゲーム,利き酒,ドライブ,カフェ巡り,将棋
若松,金次郎,新潟県,上越市,O,離島巡り,カラオケ,筋トレ,チェス,音楽ライブ
村岡,安則,新潟県,上越市,O,博物館巡り,トレーディングカードゲーム,テレビゲーム,パワースポット巡り,食べ歩き
桑原,裕次郎,新潟県,上越市,O,天体観測,スカッシュ,掃除,パチンコ,観葉植物
佐川,久道,新潟県,上越市,O,天体観測,カフェ巡り,映画鑑賞,ブログ,ボランティア
荒井,奏音,新潟県,上越市,O,洞窟探索,映画鑑賞,ハンドメイド（ものづくり）,バレーボール,野菜ソムリエ
葛西,右京,新潟県,上越市,O,天体観測,野菜ソムリエ,カフェ巡り,パワースポット巡り,音楽ライブ
関,千里,新潟県,上越市,O,観葉植物,ランニング（ジョギング）,カフェ巡り,筋トレ,デッサン
赤松,紗菜,新潟県,上越市,O,バー巡り,トレーディングカードゲーム,ビリヤード,寺巡り,天体観測
朝倉,良三,新潟県,上越市,O,海,音楽ライブ,ゴルフ,ネットサーフィン,釣り
持田,結子,新潟県,上越市,O,スポーツ観戦,彫刻,天体観測,水族館巡り,アニメ
青山,義美,新潟県,上越市,O,ボードゲーム,ワイン,ゴルフ,離島巡り,カフェ巡り
小田島,愛子,新潟県,上越市,O,天体観測,ルービックキューブ,ヨガ,バイク,パチンコ
国分,喜太郎,新潟県,上越市,O,ネットサーフィン,折り紙,利き酒,音楽ライブ,カメラ
菅野,陽香,新潟県,上越市,O,天体観測,天体観測,グルメ,洞窟探索,俳句・川柳
小池,正太郎,新潟県,上越市,O,アイドル,スカッシュ,カフェ巡り,オセロ,キャンプ
島田,隆之介,新潟県,上越市,O,海,掃除,プログラミング,天体観測,バー巡り
梅木,由真,新潟県,上越市,O,スマホゲーム,博物館巡り,DIY,音楽ライブ,瞑想
野本,幸吉,新潟県,上越市,O,海,アイドル,サバゲー,カフェ巡り,彫刻
森,正治,新潟県,上越市,O,音楽ライブ,歌舞伎,スカッシュ,カフェ巡り,カラーセラピー
妹尾,晃,新潟県,上越市,O,映画鑑賞,ラーメン,天体観測,イラスト,ビリヤード
榊原,裕美,新潟県,上越市,O,カフェ巡り,マジック,ゴルフ,筋トレ,イラスト
竹中,有美,新潟県,上越市,O,ボランティア,ビリヤード,動物園巡り,スカッシュ,パワースポット巡り
竹中,だん吉,新潟県,上越市,O,温泉巡り,ガーデニング（園芸）,書道（習字）,カフェ巡り,ボードゲーム
古沢,智之,新潟県,上越市,O,ネットサーフィン,バー巡り,観葉植物,ボランティア,パワースポット巡り
冨永,空,新潟県,上越市,O,ヨガ,音楽ライブ,プログラミング,洞窟探索,ラーメン
唐沢,仁志,新潟県,上越市,O,テレビゲーム,食べ歩き,俳句・川柳,野菜ソムリエ,パチンコ
丸山,美佐,新潟県,上越市,O,野菜ソムリエ,カフェ巡り,パワースポット巡り,音楽ライブ,天体観測
古谷,絵美,新潟県,上越市,O,音楽ライブ,プログラミング,囲碁,登山,グルメ
南田,義男,新潟県,上越市,O,スマホゲーム,天体観測,トレーディングカードゲーム,チェス,水族館巡り
岡村,瑛志,新潟県,上越市,O,似顔絵,カラオケ,フットサル（サッカー）,野菜ソムリエ,サバゲー
大谷,弘也,新潟県,上越市,O,スマホゲーム,寺巡り,ビリヤード,野菜ソムリエ,ジャズ
川上,禎,新潟県,上越市,O,カフェ巡り,カメラ,囲碁,ブログ,カメラ
村木,コウ,新潟県,上越市,O,音楽ライブ,天体観測,野菜ソムリエ,カフェ巡り,パワースポット巡り
宮川,麻世,新潟県,上越市,O,利き酒,テレビゲーム,ペット,インテリア,カフェ巡り
草野,好男,新潟県,上越市,O,登山,美術館巡り,ドローン,ファッション,野菜ソムリエ
西島,茜,新潟県,上越市,O,水族館巡り,パワースポット巡り,アロマテラピー,バレーボール,俳句・川柳
田崎,国雄,新潟県,上越市,O,野菜ソムリエ,デッサン,インテリア,グルメ,水族館巡り
小玉,夏海,新潟県,上越市,O,オセロ,動物園巡り,トランプ,デッサン,音楽ライブ
須藤,花,新潟県,上越市,O,楽器演奏,ゴルフ,カフェ巡り,ゴルフ,パチンコ
川井,太一,新潟県,上越市,O,海,野菜ソムリエ,料理,ペット,切り絵
藤田,春美,新潟県,上越市,O,オセロ,グルメ,サバゲー,ジャズ,パワースポット巡り
田淵,洋介,新潟県,上越市,O,野菜ソムリエ,カフェ巡り,パワースポット巡り,音楽ライブ,天体観測
大貫,蒼甫,新潟県,上越市,O,音楽ライブ,天体観測,野菜ソムリエ,カフェ巡り,パワースポット巡り
仲田,義明,新潟県,上越市,O,俳句・川柳,外国語（中国語・フランス語・英会話）,パワースポット巡り,アクアリウム,カービング
中岡,伸子,新潟県,上越市,O,ワイン,トライアスロン,天体観測,ダーツ,ラーメン
神戸,絢子,新潟県,上越市,O,歌舞伎,カラーセラピー,音楽ライブ,ガーデニング（園芸）,映画鑑賞
小山田,彩陽,新潟県,上越市,O,バー巡り,音楽ライブ,切り絵,サーフィン,イラスト
中西,敏也,新潟県,上越市,O,野菜ソムリエ,カフェ巡り,パワースポット巡り,音楽ライブ,天体観測
内野,太輝,新潟県,上越市,O,ファッション,カラーセラピー,ブログ,オセロ,パワースポット巡り
坂下,義信,新潟県,上越市,O,燻製づくり,筋トレ,パン作り,カフェ巡り,ルービックキューブ
平良,慶太,新潟県,上越市,O,Twitter,瞑想,釣り,水族館巡り,パワースポット巡り
林,治男,新潟県,上越市,O,パワースポット巡り,ガーデニング（園芸）,カフェ巡り,似顔絵,スポーツ観戦
本橋,政昭,新潟県,上越市,O,アイドル,天体観測,デッサン,Twitter,パン作り
宇田川,直人,新潟県,上越市,O,チェス,パワースポット巡り,洞窟探索,ボルダリング,釣り
深田,七世,新潟県,上越市,O,Twitter,ゴルフ,ラーメン,クロスバイク,パワースポット巡り
小倉,陽華,新潟県,上越市,O,インスタ,ランニング（ジョギング）,プログラミング,美術館巡り,カフェ巡り
小野寺,武久,新潟県,上越市,O,トランプ,トライアスロン,カラーセラピー,利き酒,カフェ巡り
鳥居,英一,新潟県,上越市,O,動物園巡り,野菜ソムリエ,トランプ,プログラミング,料理
高坂,喜久男,新潟県,上越市,O,パワースポット巡り,ボランティア,パチンコ,カラオケ,釣り
角,光翔,新潟県,上越市,O,プラモデル,音楽ライブ,ペット,アロマテラピー,ゴルフ
西川,治雄,新潟県,上越市,O,ボードゲーム,ビリヤード,瞑想,カフェ巡り,筋トレ
林,弓月,新潟県,上越市,O,カービング,競馬,ルービックキューブ,オセロ,パワースポット巡り
福本,秋友,新潟県,上越市,O,水族館巡り,楽器演奏,ワイン,天体観測,温泉巡り
岩崎,光昭,新潟県,上越市,O,洞窟探索,天体観測,カービング,彫刻,ジャズ
塚本,信輔,新潟県,上越市,O,パン作り,野菜ソムリエ,ボルダリング,ワイン,ジャズ
堀江,美波,新潟県,上越市,O,ダンス,書道（習字）,ブログ,スカッシュ,音楽ライブ
森川,邦久,新潟県,上越市,O,バー巡り,野菜ソムリエ,釣り,外国語（中国語・フランス語・英会話）,オセロ
高柳,好克,新潟県,上越市,O,野菜ソムリエ,オセロ,観葉植物,彫刻,インテリア
米倉,里紗,新潟県,上越市,O,釣り,ガーデニング（園芸）,洞窟探索,音楽ライブ,書道（習字）
首藤,照夫,新潟県,上越市,O,離島巡り,書道（習字）,カフェ巡り,チェス,ジャズ
上山,照子,新潟県,上越市,O,ビリヤード,ボードゲーム,ペット,カフェ巡り,水族館巡り
櫻井,栄次郎,新潟県,上越市,O,ラジオ,サバゲー,インテリア,カフェ巡り,散歩
磯野,花緑,新潟県,上越市,O,カフェ巡り,パワースポット巡り,音楽ライブ,天体観測,野菜ソムリエ
小田,英治,新潟県,上越市,O,インテリア,占い,書道（習字）,スマホゲーム,パワースポット巡り
菅野,聖,新潟県,上越市,O,サーフィン,トランプ,パワースポット巡り,カービング,クロスバイク
川井,希,新潟県,上越市,O,ラジオ,コスプレ,カービング,天体観測,グルメ
三島,孝雄,新潟県,上越市,O,音楽ライブ,外国語（中国語・フランス語・英会話）,釣り,ルービックキューブ,海
中森,順一,新潟県,上越市,O,利き酒,動物園巡り,野球,デッサン,音楽ライブ
水谷,優美,新潟県,上越市,O,水族館巡り,釣り,音楽ライブ,クロスバイク,サバゲー
上杉,清美,新潟県,上越市,O,インスタ,切り絵,カフェ巡り,カメラ,チェス
新村,花,新潟県,上越市,O,パワースポット巡り,ブログ,ブログ,似顔絵,トライアスロン
志賀,花菜,新潟県,上越市,O,音楽ライブ,ハンドメイド（ものづくり）,プラモデル,ダンス,音楽ライブ
瀬尾,右京,新潟県,上越市,O,散歩,カフェ巡り,将棋,瞑想,歌舞伎
小平,海成,新潟県,上越市,O,カフェ巡り,マジック,ゴルフ,ダーツ,占い
石橋,櫻,新潟県,上越市,O,カフェ巡り,書道（習字）,囲碁,ブログ,ビリヤード
高野,勝久,新潟県,上越市,O,切り絵,競馬,カフェ巡り,ジャズ,カラオケ
田島,美琴音,新潟県,上越市,O,野菜ソムリエ,デッサン,コスプレ,キャンプ,食べ歩き
遠山,令子,新潟県,上越市,O,カービング,離島巡り,チェス,寺巡り,音楽ライブ
寺内,雪菜,新潟県,上越市,O,博物館巡り,歌舞伎,天体観測,ヨガ,ジャズ
栗林,太朗,新潟県,上越市,O,パワースポット巡り,音楽ライブ,天体観測,野菜ソムリエ,カフェ巡り
宮下,祥子,新潟県,上越市,O,ダーツ,音楽ライブ,ボランティア,切り絵,プログラミング
秋葉,康之,新潟県,上越市,O,折り紙,音楽ライブ,フットサル（サッカー）,テレビゲーム,瞑想
井本,兼,新潟県,上越市,O,野菜ソムリエ,カフェ巡り,パワースポット巡り,音楽ライブ,天体観測
千田,晃司,新潟県,上越市,O,ゴルフ,ドローン,パワースポット巡り,アロマテラピー,スマホゲーム
陳,真希,新潟県,上越市,O,カフェ巡り,音楽ライブ,バレーボール,ビリヤード,トランプ
滝川,隆,新潟県,上越市,O,ランニング（ジョギング）,海,寺巡り,歌舞伎,野菜ソムリエ
和泉,だん吉,新潟県,上越市,O,ボードゲーム,動物園巡り,温泉巡り,天体観測,ファッション
鳥居,莉菜,新潟県,上越市,O,サバゲー,パワースポット巡り,釣り,ダンス,似顔絵
赤羽,亨,新潟県,上越市,O,パワースポット巡り,チェス,俳句・川柳,テレビゲーム,観葉植物
金丸,剛基,新潟県,上越市,O,ランニング（ジョギング）,タイピング,書道（習字）,バレーボール,カフェ巡り
金沢,章二,新潟県,上越市,O,掃除,瞑想,デッサン,音楽ライブ,トレーディングカードゲーム
横井,結衣花,新潟県,上越市,O,パワースポット巡り,ドローン,競馬,パン作り,離島巡り
柳,尚司,新潟県,上越市,O,クロスバイク,カメラ,バレーボール,パワースポット巡り,サーフィン
田畑,宙子,新潟県,上越市,O,ジャズ,ボルダリング,パン作り,水族館巡り,天体観測
石崎,明里,新潟県,上越市,O,ガーデニング（園芸）,ラジオ,パワースポット巡り,ドローン,オセロ
小幡,均,新潟県,上越市,O,アクアリウム,アクアリウム,カフェ巡り,デッサン,寺巡り
大谷,麻耶,新潟県,上越市,O,テレビゲーム,折り紙,音楽ライブ,アクアリウム,カービング
富永,秀,新潟県,上越市,O,切り絵,カフェ巡り,ハンドメイド（ものづくり）,彫刻,カフェ巡り
大竹,直人,新潟県,上越市,O,天体観測,音楽ライブ,ドローン,スカッシュ,博物館巡り
野原,克子,新潟県,上越市,O,クロスバイク,囲碁,アニメ,キックボクシング,音楽ライブ
車,早織,新潟県,上越市,O,洞窟探索,スマホゲーム,カメラ,タイピング,パワースポット巡り
伊藤,沙耶,新潟県,上越市,O,ジャズ,フットサル（サッカー）,インスタ,野菜ソムリエ,囲碁
後藤,岩雄,新潟県,上越市,O,カフェ巡り,タイピング,洞窟探索,バー巡り,競馬
浅川,みあ,新潟県,上越市,O,インテリア,カフェ巡り,ラーメン,ボルダリング,似顔絵
広瀬,早紀,新潟県,上越市,O,水族館巡り,インスタ,カフェ巡り,外国語（中国語・フランス語・英会話）,切り絵
永山,弘明,新潟県,上越市,O,トレーディングカードゲーム,折り紙,音楽ライブ,デッサン,ペット
江口,富男,新潟県,上越市,O,ダーツ,コスプレ,競馬,サーフィン,パワースポット巡り
香川,昭,新潟県,上越市,O,温泉巡り,音楽ライブ,ハンドメイド（ものづくり）,ブログ,DIY
山岸,正,新潟県,上越市,O,天体観測,美術館巡り,ジャズ,アクアリウム,アクアリウム
中根,常明,新潟県,上越市,O,天体観測,サバゲー,サバゲー,スマホゲーム,トレーディングカードゲーム
小野寺,果凛,新潟県,上越市,O,外国語（中国語・フランス語・英会話）,カフェ巡り,外国語（中国語・フランス語・英会話）,書道（習字）,ワイン
粕谷,千秋,新潟県,上越市,O,アクアリウム,キックボクシング,オセロ,野菜ソムリエ,観葉植物
日比野,友美,新潟県,上越市,O,オセロ,チェス,洞窟探索,サバゲー,パワースポット巡り
木村,扶樹,新潟県,上越市,O,パワースポット巡り,音楽ライブ,天体観測,野菜ソムリエ,カフェ巡り
中田,英紀,新潟県,上越市,O,カフェ巡り,切り絵,動物園巡り,瞑想,ファッション
船越,結花,新潟県,上越市,O,楽器演奏,野球,野菜ソムリエ,野球,フットサル（サッカー）
冨田,優那,新潟県,上越市,O,ブログ,トランプ,カフェ巡り,美術館巡り,ダンス
中澤,愛子,新潟県,上越市,O,アニメ,野菜ソムリエ,料理,タイピング,カメラ
芹沢,ヒロ,新潟県,上越市,O,野球,ペット,カフェ巡り,デッサン,釣り
高尾,大介,新潟県,上越市,O,野菜ソムリエ,書道（習字）,イラスト,バスケットボール,コスプレ
中里,琉惟,新潟県,上越市,O,音楽ライブ,グルメ,ペット,パチンコ,デッサン
志賀,秀一,新潟県,上越市,O,外国語（中国語・フランス語・英会話）,バレーボール,フットサル（サッカー）,パワースポット巡り,トランプ
柿崎,祐二,新潟県,上越市,O,ネットサーフィン,クロスバイク,ゴルフ,音楽ライブ,ゴルフ
篠崎,義夫,新潟県,上越市,O,野菜ソムリエ,釣り,瞑想,ヨガ,ドローン
平松,芽依,新潟県,上越市,O,映画鑑賞,寺巡り,音楽ライブ,チェス,筋トレ
森井,秀実,新潟県,上越市,O,フットサル（サッカー）,パワースポット巡り,洞窟探索,アニメ,デッサン
加藤,勤,新潟県,上越市,O,ボルダリング,水族館巡り,音楽ライブ,彫刻,瞑想
高谷,信太郎,新潟県,上越市,O,コスプレ,料理,楽器演奏,将棋,パワースポット巡り
南,誠子,新潟県,上越市,O,釣り,競馬,天体観測,カフェ巡り,アニメ
渋谷,澄子,新潟県,上越市,O,音楽ライブ,燻製づくり,温泉巡り,音楽ライブ,トランプ
谷内,昌己,新潟県,上越市,O,オセロ,バイク,野菜ソムリエ,イラスト,動物園巡り
杉本,帆香,新潟県,上越市,O,ワイン,ゴルフ,バスケットボール,天体観測,カメラ
石倉,あい,新潟県,上越市,O,マジック,パワースポット巡り,登山,天体観測,スマホゲーム
長島,勇太,新潟県,上越市,O,野菜ソムリエ,カフェ巡り,パワースポット巡り,音楽ライブ,天体観測
富岡,幸治,新潟県,上越市,O,瞑想,ビリヤード,キャンプ,カフェ巡り,キャンプ
齋藤,栄二,新潟県,上越市,O,音楽ライブ,歌舞伎,マジック,映画鑑賞,ラーメン
長井,都雅子,新潟県,上越市,O,食べ歩き,音楽ライブ,スカッシュ,ジャズ,料理
江頭,孝宏,新潟県,上越市,O,パワースポット巡り,競馬,外国語（中国語・フランス語・英会話）,コスプレ,カラーセラピー
大沼,清志,新潟県,上越市,O,ランニング（ジョギング）,ジャズ,囲碁,カフェ巡り,書道（習字）
北村,彰英,新潟県,上越市,O,野球,野菜ソムリエ,パチンコ,スポーツ観戦,ボルダリング
露木,麻央,新潟県,上越市,O,バー巡り,野菜ソムリエ,ペット,パワースポット巡り,カフェ巡り
木原,敏哉,新潟県,上越市,O,アニメ,チェス,ボードゲーム,音楽ライブ,占い
服部,涼,新潟県,上越市,O,切り絵,野菜ソムリエ,アクアリウム,サーフィン,インテリア
村田,彩華,新潟県,上越市,O,パワースポット巡り,カメラ,クロスバイク,書道（習字）,離島巡り
中井,浩司,新潟県,上越市,O,ペット,スカッシュ,野菜ソムリエ,漫画,ブログ
湯浅,知世,新潟県,上越市,O,ランニング（ジョギング）,野菜ソムリエ,イラスト,スポーツ観戦,ドライブ
渡部,庄一,新潟県,上越市,O,似顔絵,パワースポット巡り,散歩,ガーデニング（園芸）,俳句・川柳
加藤,孝太郎,新潟県,上越市,O,野菜ソムリエ,離島巡り,ネットサーフィン,食べ歩き,タイピング
石本,達郎,新潟県,上越市,O,温泉巡り,筋トレ,野菜ソムリエ,ドローン,ペット
下川,泰憲,新潟県,上越市,O,ボルダリング,バスケットボール,カフェ巡り,キックボクシング,筋トレ
矢島,莉紗,新潟県,上越市,O,音楽ライブ,ドライブ,カフェ巡り,バレーボール,ダンス
桑田,清子,新潟県,上越市,O,寺巡り,サーフィン,書道（習字）,観葉植物,カフェ巡り
関谷,令子,新潟県,上越市,O,音楽ライブ,天体観測,野菜ソムリエ,カフェ巡り,パワースポット巡り
恩田,祐介,新潟県,上越市,O,囲碁,バスケットボール,ヨガ,カフェ巡り,外国語（中国語・フランス語・英会話）
福井,幸一郎,新潟県,上越市,O,水族館巡り,ファッション,洞窟探索,パワースポット巡り,野球
浜本,香音,新潟県,上越市,O,離島巡り,音楽ライブ,アイドル,野菜ソムリエ,スポーツ観戦
宇田川,栞奈,新潟県,上越市,O,登山,パワースポット巡り,スカッシュ,パン作り,カービング
細川,由梨,新潟県,上越市,O,音楽ライブ,クロスバイク,美術館巡り,ダーツ,ワイン
安東,藤雄,新潟県,上越市,O,天体観測,ラジオ,チェス,サバゲー,トライアスロン
花岡,千恵子,新潟県,上越市,O,Twitter,パワースポット巡り,オセロ,瞑想,パワースポット巡り
金野,樹,新潟県,上越市,O,ファッション,パチンコ,洞窟探索,キックボクシング,パワースポット巡り
三沢,千鶴子,新潟県,上越市,O,バイク,バイク,アクアリウム,パワースポット巡り,ランニング（ジョギング）
米田,勝治,新潟県,上越市,O,アロマテラピー,天体観測,コスプレ,トレーディングカードゲーム,音楽ライブ
細谷,義一,新潟県,上越市,O,グルメ,ルービックキューブ,俳句・川柳,トライアスロン,カフェ巡り
福原,悠菜,新潟県,上越市,O,彫刻,洞窟探索,漫画,野菜ソムリエ,カフェ巡り
牧,正二,新潟県,上越市,O,似顔絵,ヨガ,アロマテラピー,パワースポット巡り,デッサン
児島,愛結,新潟県,上越市,O,アクアリウム,パワースポット巡り,水族館巡り,パチンコ,サーフィン
岩本,沙耶香,新潟県,上越市,O,キックボクシング,博物館巡り,水族館巡り,映画鑑賞,パワースポット巡り
粕谷,幹男,新潟県,上越市,O,インスタ,ボードゲーム,ラジオ,動物園巡り,パワースポット巡り
山下,竜一,新潟県,上越市,O,音楽ライブ,博物館巡り,キャンプ,寺巡り,キックボクシング
西川,果凛,新潟県,上越市,O,スポーツ観戦,天体観測,スマホゲーム,外国語（中国語・フランス語・英会話）,フットサル（サッカー）
真田,一寿,新潟県,上越市,O,ラジオ,野菜ソムリエ,天体観測,掃除,テレビゲーム
塚原,清二,新潟県,上越市,O,キックボクシング,スマホゲーム,ゴルフ,音楽ライブ,楽器演奏
三宅,だん吉,新潟県,上越市,O,カラオケ,音楽ライブ,筋トレ,ジャズ,映画鑑賞
小幡,雅裕,新潟県,上越市,O,コスプレ,天体観測,野球,パワースポット巡り,キャンプ
森井,藤子,新潟県,上越市,O,トランプ,サバゲー,パワースポット巡り,洞窟探索,音楽ライブ
本村,真穂,新潟県,上越市,O,音楽ライブ,天体観測,野菜ソムリエ,カフェ巡り,パワースポット巡り
前野,真奈美,新潟県,上越市,O,離島巡り,似顔絵,将棋,温泉巡り,天体観測
黒木,怜奈,新潟県,上越市,O,クロスバイク,利き酒,競馬,野菜ソムリエ,ラジオ
唐沢,正義,新潟県,上越市,O,野菜ソムリエ,オセロ,外国語（中国語・フランス語・英会話）,ルービックキューブ,カフェ巡り
芦田,長次郎,新潟県,上越市,O,カラオケ,掃除,カフェ巡り,ダーツ,パワースポット巡り
菅,桜久良,新潟県,上越市,O,音楽ライブ,離島巡り,テレビゲーム,料理,スポーツ観戦
益田,徳一,新潟県,上越市,O,カラーセラピー,バスケットボール,食べ歩き,トレーディングカードゲーム,パワースポット巡り
越智,泰介,新潟県,上越市,O,パワースポット巡り,水族館巡り,ドローン,利き酒,動物園巡り
小平,コウ,新潟県,上越市,O,寺巡り,フットサル（サッカー）,動物園巡り,カフェ巡り,オセロ
安倍,あさみ,新潟県,上越市,O,歌舞伎,筋トレ,音楽ライブ,DIY,映画鑑賞
松島,典子,新潟県,上越市,O,トライアスロン,天体観測,ジャズ,グルメ,オセロ
片岡,璃乃,新潟県,上越市,O,野菜ソムリエ,キックボクシング,カラオケ,ボランティア,バイク
上田,美沙,新潟県,上越市,O,観葉植物,パワースポット巡り,インスタ,ファッション,映画鑑賞
神保,真実,新潟県,上越市,O,クロスバイク,野菜ソムリエ,マジック,外国語（中国語・フランス語・英会話）,ダーツ
村中,太朗,新潟県,上越市,O,ブログ,料理,温泉巡り,天体観測,散歩
金丸,雪乃,新潟県,上越市,O,ドライブ,パワースポット巡り,歌舞伎,ワイン,切り絵
吉井,徳雄,新潟県,上越市,O,スカッシュ,天体観測,動物園巡り,スマホゲーム,筋トレ
服部,大五郎,新潟県,上越市,O,天体観測,野菜ソムリエ,カフェ巡り,パワースポット巡り,音楽ライブ
大畑,光明,新潟県,上越市,O,美術館巡り,ガーデニング（園芸）,パワースポット巡り,プログラミング,Twitter
杉村,寅雄,新潟県,上越市,O,パワースポット巡り,ネットサーフィン,アロマテラピー,キャンプ,クロスバイク
長沢,真由,新潟県,上越市,O,デッサン,ビリヤード,ルービックキューブ,カラーセラピー,野菜ソムリエ
永田,彰英,新潟県,上越市,O,野菜ソムリエ,カメラ,トライアスロン,アロマテラピー,ジャズ
小坂,はるみ,新潟県,上越市,O,ガーデニング（園芸）,水族館巡り,ワイン,天体観測,美術館巡り
望月,奈央,新潟県,上越市,O,サバゲー,スカッシュ,釣り,カラオケ,野菜ソムリエ
藤川,鈴音,新潟県,上越市,O,ボードゲーム,音楽ライブ,バイク,ペット,バー巡り
大浦,利幸,新潟県,上越市,O,フットサル（サッカー）,漫画,デッサン,タイピング,カフェ巡り
千葉,理絵,新潟県,上越市,O,カラーセラピー,カフェ巡り,スポーツ観戦,水族館巡り,切り絵
樋口,貞二,新潟県,上越市,O,サーフィン,フットサル（サッカー）,彫刻,カフェ巡り,歌舞伎
峰,常夫,新潟県,上越市,O,将棋,DIY,グルメ,カラーセラピー,天体観測
松岡,はじめ,新潟県,上越市,O,ラーメン,美術館巡り,アイドル,インテリア,パワースポット巡り
藤森,理歩,新潟県,上越市,O,野球,ラーメン,バー巡り,楽器演奏,野菜ソムリエ
春日,明弘,新潟県,上越市,O,野菜ソムリエ,マジック,俳句・川柳,ボードゲーム,トレーディングカードゲーム
橋本,英治,新潟県,上越市,O,パチンコ,カラオケ,グルメ,野菜ソムリエ,パン作り
柳,裕,新潟県,上越市,O,折り紙,外国語（中国語・フランス語・英会話）,料理,カラオケ,天体観測
金井,満,新潟県,上越市,O,トランプ,スカッシュ,ボルダリング,パワースポット巡り,囲碁
若山,純一,新潟県,上越市,O,野菜ソムリエ,バイク,観葉植物,野菜ソムリエ,バイク
秋山,稟,新潟県,上越市,O,俳句・川柳,楽器演奏,筋トレ,ペット,カフェ巡り
小坂,虎雄,新潟県,上越市,O,切り絵,ドライブ,ボードゲーム,テレビゲーム,天体観測
奥野,結月,新潟県,上越市,O,野菜ソムリエ,ボルダリング,水族館巡り,グルメ,食べ歩き
下川,民雄,新潟県,上越市,O,パチンコ,カラオケ,ドライブ,トランプ,パワースポット巡り
久米,信治,新潟県,上越市,O,バー巡り,カフェ巡り,バー巡り,キャンプ,バイク
富沢,俊二,新潟県,上越市,O,占い,似顔絵,プラモデル,アイドル,音楽ライブ
日比野,雪乃,新潟県,上越市,O,ネットサーフィン,ドライブ,海,音楽ライブ,バスケットボール
中田,知代,新潟県,上越市,O,テレビゲーム,グルメ,インテリア,オセロ,パワースポット巡り
平野,清吾,新潟県,上越市,O,ボードゲーム,音楽ライブ,野球,俳句・川柳,スカッシュ
福山,充,新潟県,上越市,O,音楽ライブ,アクアリウム,バスケットボール,美術館巡り,アイドル
青木,博満,新潟県,上越市,O,ルービックキューブ,アイドル,漫画,カフェ巡り,カメラ
江崎,奈央,新潟県,上越市,O,野菜ソムリエ,プログラミング,歌舞伎,ラーメン,サーフィン
吉澤,涼花,新潟県,上越市,O,ゴルフ,デッサン,音楽ライブ,登山,キックボクシング
川田,徹,新潟県,上越市,O,ファッション,パワースポット巡り,野菜ソムリエ,カラオケ,ワイン
関谷,由希子,新潟県,上越市,O,散歩,音楽ライブ,散歩,クロスバイク,ブログ
新垣,恭一,新潟県,上越市,O,音楽ライブ,キャンプ,散歩,サーフィン,俳句・川柳
稲葉,夏向,新潟県,上越市,O,ボランティア,映画鑑賞,パワースポット巡り,音楽ライブ,切り絵
三田,理恵,新潟県,上越市,O,トランプ,掃除,離島巡り,音楽ライブ,トランプ
永島,杏奈,新潟県,上越市,O,インテリア,音楽ライブ,占い,ダンス,野菜ソムリエ
笠原,砂羽,新潟県,上越市,O,インスタ,音楽ライブ,イラスト,ヨガ,ガーデニング（園芸）
白木,俊章,新潟県,上越市,O,ラーメン,バレーボール,掃除,野菜ソムリエ,占い
高山,一徳,新潟県,上越市,O,スカッシュ,ネットサーフィン,天体観測,コスプレ,掃除
橋口,浩正,新潟県,上越市,O,利き酒,天体観測,水族館巡り,バレーボール,スポーツ観戦
矢島,明,新潟県,上越市,O,掃除,ラジオ,映画鑑賞,天体観測,オセロ
堀川,成美,新潟県,上越市,O,野菜ソムリエ,映画鑑賞,ブログ,バイク,バイク
飯塚,咲乃介,新潟県,上越市,O,ボルダリング,瞑想,ドライブ,バレーボール,野菜ソムリエ
山村,賢治,新潟県,上越市,O,ガーデニング（園芸）,ドライブ,野球,音楽ライブ,ドライブ
篠田,二郎,新潟県,上越市,O,美術館巡り,天体観測,スカッシュ,ドライブ,囲碁
北野,美津子,新潟県,上越市,O,マジック,ボランティア,登山,天体観測,ペット
長坂,春代,新潟県,上越市,O,野菜ソムリエ,アクアリウム,スマホゲーム,食べ歩き,プラモデル
毛利,寛子,新潟県,上越市,O,俳句・川柳,筋トレ,瞑想,カフェ巡り,料理
鈴木,寛子,新潟県,上越市,O,スポーツ観戦,野菜ソムリエ,囲碁,グルメ,ボランティア
難波,まみ,新潟県,上越市,O,カフェ巡り,パワースポット巡り,音楽ライブ,天体観測,野菜ソムリエ
志村,一朗,新潟県,上越市,O,釣り,タイピング,スポーツ観戦,オセロ,野菜ソムリエ
大河内,莉沙,新潟県,上越市,O,キックボクシング,彫刻,釣り,海,野菜ソムリエ
鶴田,嘉一,新潟県,上越市,O,ドローン,バレーボール,野菜ソムリエ,テレビゲーム,カメラ
中井,敏昭,新潟県,上越市,O,コスプレ,天体観測,燻製づくり,ラジオ,カービング
小口,日菜子,新潟県,上越市,O,料理,パワースポット巡り,テレビゲーム,料理,散歩
山形,奈月,新潟県,上越市,O,野菜ソムリエ,インスタ,インテリア,俳句・川柳,水族館巡り
寺本,良三,新潟県,上越市,O,食べ歩き,ドライブ,温泉巡り,音楽ライブ,競馬
野本,冬子,新潟県,上越市,O,サバゲー,ドローン,音楽ライブ,パワースポット巡り,カフェ巡り
寺内,智博,新潟県,上越市,O,プラモデル,フットサル（サッカー）,パワースポット巡り,ペット,スポーツ観戦
奥村,裕司,新潟県,上越市,O,パワースポット巡り,音楽ライブ,天体観測,野菜ソムリエ,カフェ巡り
坪井,裕子,新潟県,上越市,O,キックボクシング,競馬,楽器演奏,天体観測,折り紙
黒川,憲二,新潟県,上越市,O,洞窟探索,マジック,ボードゲーム,音楽ライブ,カラオケ
東海林,和枝,新潟県,上越市,O,登山,水族館巡り,カラオケ,ネットサーフィン,カフェ巡り
染谷,勲,新潟県,上越市,O,天体観測,観葉植物,歌舞伎,筋トレ,映画鑑賞
林田,一義,新潟県,上越市,O,トレーディングカードゲーム,野菜ソムリエ,ドローン,海,食べ歩き
中根,朱音,新潟県,上越市,O,カフェ巡り,美術館巡り,ラジオ,離島巡り,デッサン
紺野,邦子,新潟県,上越市,O,グルメ,デッサン,野菜ソムリエ,バスケットボール,タイピング
小町,美佐,新潟県,上越市,O,映画鑑賞,カフェ巡り,デッサン,トライアスロン,登山
片山,和衣士,新潟県,上越市,O,カフェ巡り,散歩,トライアスロン,パチンコ,歌舞伎
神谷,文昭,新潟県,上越市,O,DIY,音楽ライブ,食べ歩き,スマホゲーム,釣り
森谷,瑠衣,新潟県,上越市,O,映画鑑賞,ダーツ,パワースポット巡り,映画鑑賞,ネットサーフィン
小原,幸四郎,新潟県,上越市,O,パワースポット巡り,アニメ,寺巡り,占い,アイドル
徳永,あさみ,新潟県,上越市,O,筋トレ,野菜ソムリエ,ハンドメイド（ものづくり）,スポーツ観戦,博物館巡り
岡田,小春,新潟県,上越市,O,オセロ,野菜ソムリエ,掃除,プラモデル,トランプ
岩佐,勇蔵,新潟県,上越市,O,コスプレ,野菜ソムリエ,パチンコ,アイドル,バー巡り
高瀬,美奈子,新潟県,上越市,O,ヨガ,競馬,ドライブ,音楽ライブ,フットサル（サッカー）
吉井,結羽,新潟県,上越市,O,カフェ巡り,ルービックキューブ,天体観測,散歩,歌舞伎
木原,真一,新潟県,上越市,O,パワースポット巡り,観葉植物,ルービックキューブ,書道（習字）,温泉巡り
島崎,史織,新潟県,上越市,O,バレーボール,競馬,似顔絵,音楽ライブ,ダーツ
三田,善一,新潟県,上越市,O,カフェ巡り,ブログ,料理,競馬,ブログ
宮坂,寿晴,新潟県,上越市,O,タイピング,ペット,サーフィン,カフェ巡り,グルメ
滝田,美枝子,新潟県,上越市,O,寺巡り,カフェ巡り,トライアスロン,登山,スカッシュ
堀口,信輔,新潟県,上越市,O,パワースポット巡り,野球,ジャズ,将棋,テレビゲーム
長谷川,敏明,新潟県,上越市,O,音楽ライブ,パチンコ,折り紙,キャンプ,外国語（中国語・フランス語・英会話）
西口,正吾,新潟県,上越市,O,アクアリウム,プログラミング,音楽ライブ,ファッション,離島巡り
安川,洋太,新潟県,上越市,O,洞窟探索,ネットサーフィン,天体観測,野菜ソムリエ,サーフィン
柳沢,芳雄,新潟県,上越市,O,博物館巡り,ペット,ペット,野菜ソムリエ,グルメ
塚越,百恵,新潟県,上越市,O,ワイン,ブログ,音楽ライブ,競馬,似顔絵
脇田,志穂,新潟県,上越市,O,カフェ巡り,登山,ハンドメイド（ものづくり）,キックボクシング,海
水上,芳樹,新潟県,上越市,O,音楽ライブ,天体観測,野菜ソムリエ,カフェ巡り,パワースポット巡り
矢部,夏美,新潟県,上越市,O,似顔絵,トランプ,キャンプ,ダンス,カフェ巡り
池本,信長,新潟県,上越市,O,書道（習字）,ペット,パワースポット巡り,サーフィン,ジャズ
沢井,恵美,新潟県,上越市,O,書道（習字）,将棋,スポーツ観戦,楽器演奏,パワースポット巡り
西村,正司,新潟県,上越市,O,ドローン,音楽ライブ,筋トレ,カラーセラピー,サーフィン
吉野,玲那,新潟県,上越市,O,カフェ巡り,DIY,ビリヤード,スマホゲーム,音楽ライブ
梅木,琴乃,新潟県,上越市,O,燻製づくり,ジャズ,カフェ巡り,ドライブ,ランニング（ジョギング）
秋葉,寅男,新潟県,上越市,O,歌舞伎,インスタ,パワースポット巡り,デッサン,カラーセラピー
青柳,美明,新潟県,上越市,O,カフェ巡り,ボードゲーム,楽器演奏,バレーボール,外国語（中国語・フランス語・英会話）
矢野,怜那,新潟県,上越市,O,動物園巡り,パワースポット巡り,ゴルフ,占い,音楽ライブ
平田,信也,新潟県,上越市,O,ペット,野菜ソムリエ,天体観測,クロスバイク,料理
臼井,晋,新潟県,上越市,O,クロスバイク,バー巡り,ドローン,天体観測,燻製づくり
中村,真里,新潟県,上越市,O,ルービックキューブ,ドローン,スポーツ観戦,野球,カフェ巡り
橋爪,等,新潟県,上越市,O,プログラミング,洞窟探索,野菜ソムリエ,俳句・川柳,オセロ
石井,ヒロ,新潟県,上越市,O,パワースポット巡り,音楽ライブ,天体観測,野菜ソムリエ,カフェ巡り
梶田,奈那,新潟県,上越市,O,カフェ巡り,料理,アイドル,囲碁,燻製づくり
梅村,治,新潟県,上越市,O,オセロ,ドライブ,歌舞伎,野菜ソムリエ,アクアリウム
沢尻,一恵,新潟県,上越市,O,楽器演奏,燻製づくり,水族館巡り,野菜ソムリエ,外国語（中国語・フランス語・英会話）
津村,正信,新潟県,上越市,O,クロスバイク,スポーツ観戦,野菜ソムリエ,ラジオ,ハンドメイド（ものづくり）
緒方,美晴,新潟県,上越市,O,天体観測,折り紙,ジャズ,ワイン,音楽ライブ
平林,茂志,新潟県,上越市,O,競馬,クロスバイク,ボランティア,パワースポット巡り,ボードゲーム
町田,勝次,新潟県,上越市,O,競馬,パワースポット巡り,筋トレ,アイドル,テレビゲーム
岩本,真樹,新潟県,上越市,O,インテリア,野球,パワースポット巡り,タイピング,競馬
並木,里歩,新潟県,上越市,O,パワースポット巡り,アクアリウム,ランニング（ジョギング）,パン作り,占い
三原,里美,新潟県,上越市,O,バスケットボール,博物館巡り,カフェ巡り,観葉植物,アクアリウム
今村,雅紹,新潟県,上越市,O,野菜ソムリエ,ドライブ,野菜ソムリエ,トライアスロン,パチンコ
上村,精児,新潟県,上越市,O,カフェ巡り,パワースポット巡り,音楽ライブ,天体観測,野菜ソムリエ
佐川,豊樹,新潟県,上越市,O,料理,オセロ,パワースポット巡り,スマホゲーム,野球
山川,友以乃,新潟県,上越市,O,フットサル（サッカー）,ルービックキューブ,利き酒,パワースポット巡り,競馬
稲村,美空,新潟県,上越市,O,ランニング（ジョギング）,ダンス,利き酒,パワースポット巡り,温泉巡り
早川,義久,新潟県,上越市,O,バー巡り,バイク,パワースポット巡り,歌舞伎,切り絵
津田,実咲,新潟県,上越市,O,音楽ライブ,動物園巡り,博物館巡り,折り紙,切り絵
三谷,明慶,新潟県,上越市,O,書道（習字）,野菜ソムリエ,カービング,アロマテラピー,散歩
富樫,敏子,新潟県,上越市,O,ジャズ,サーフィン,野球,パワースポット巡り,カメラ
岡村,櫻,新潟県,上越市,O,料理,パワースポット巡り,洞窟探索,ボードゲーム,キックボクシング
青木,理央,新潟県,上越市,O,インスタ,天体観測,海,美術館巡り,サーフィン
奥村,公顕,新潟県,上越市,O,ボルダリング,音楽ライブ,動物園巡り,博物館巡り,ネットサーフィン
早美,礼子,新潟県,上越市,O,ダンス,スカッシュ,パチンコ,プラモデル,音楽ライブ
石丸,利明,新潟県,上越市,O,パチンコ,音楽ライブ,ドローン,寺巡り,ゴルフ
北山,亜須未,新潟県,上越市,O,将棋,利き酒,外国語（中国語・フランス語・英会話）,音楽ライブ,似顔絵
森谷,信雄,新潟県,上越市,O,コスプレ,スポーツ観戦,カフェ巡り,カラオケ,似顔絵
谷村,百花,新潟県,上越市,O,折り紙,切り絵,パン作り,音楽ライブ,水族館巡り
福原,真美,新潟県,上越市,O,掃除,ガーデニング（園芸）,歌舞伎,パワースポット巡り,離島巡り
塩田,夏海,新潟県,上越市,O,トランプ,ドローン,パワースポット巡り,スカッシュ,アロマテラピー
植木,知代,新潟県,上越市,O,カフェ巡り,パワースポット巡り,キックボクシング,バレーボール,釣り
宍戸,清治,新潟県,上越市,O,DIY,音楽ライブ,ドローン,グルメ,アニメ
矢田,遥,新潟県,上越市,O,インスタ,カフェ巡り,ブログ,アイドル,散歩
高津,凛香,新潟県,上越市,O,オセロ,天体観測,ビリヤード,テレビゲーム,動物園巡り
山村,心優,新潟県,上越市,O,書道（習字）,野球,音楽ライブ,料理,タイピング
平林,宏光,新潟県,上越市,O,トランプ,キックボクシング,ゴルフ,博物館巡り,野菜ソムリエ
藤原,穂乃花,新潟県,上越市,O,ダーツ,切り絵,食べ歩き,ダーツ,天体観測
青野,栄一,新潟県,上越市,O,美術館巡り,ガーデニング（園芸）,チェス,パワースポット巡り,アロマテラピー
板橋,薫,新潟県,上越市,O,コスプレ,離島巡り,食べ歩き,パワースポット巡り,カフェ巡り
磯崎,定雄,新潟県,上越市,O,似顔絵,コスプレ,温泉巡り,野菜ソムリエ,瞑想
芦田,宙子,新潟県,上越市,O,ボルダリング,歌舞伎,グルメ,天体観測,散歩
米沢,丈夫,新潟県,上越市,O,イラスト,インテリア,バー巡り,カフェ巡り,書道（習字）
